time_s,gt_pos_x_m,gt_pos_y_m,gt_pos_z_m
0,0,0,0
0.02,0.02,0,0
0.04,0.04,0,0
0.06,0.06,0,0
0.08,0.08,0,0
0.1,0.1,0,0
0.12,0.12,0,0
0.14,0.14,0,0
0.16,0.16,0,0
0.18,0.18,0,0
0.2,0.2,0,0
0.22,0.22,0,0
0.24,0.24,0,0
0.26,0.26,0,0
0.28,0.28,0,0
0.3,0.3,0,0
0.32,0.32,0,0
0.34,0.34,0,0
0.36,0.36,0,0
0.38,0.38,0,0
0.4,0.4,0,0
0.42,0.42,0,0
0.44,0.44,0,0
0.46,0.46,0,0
0.48,0.48,0,0
0.5,0.5,0,0
0.52,0.52,0,0
0.54,0.54,0,0
0.56,0.56,0,0
0.58,0.58,0,0
0.6,0.6,0,0
0.62,0.62,0,0
0.64,0.64,0,0
0.66,0.66,0,0
0.68,0.68,0,0
0.7,0.7,0,0
0.72,0.72,0,0
0.74,0.74,0,0
0.76,0.76,0,0
0.78,0.78,0,0
0.8,0.8,0,0
0.82,0.82,0,0
0.84,0.84,0,0
0.86,0.86,0,0
0.88,0.88,0,0
0.9,0.9,0,0
0.92,0.92,0,0
0.94,0.94,0,0
0.96,0.96,0,0
0.98,0.98,0,0
1,1,0,0
1.02,1.02,0,0
1.04,1.04,0,0
1.06,1.06,0,0
1.08,1.08,0,0
1.1,1.1,0,0
1.12,1.12,0,0
1.14,1.14,0,0
1.16,1.16,0,0
1.18,1.18,0,0
1.2,1.2,0,0
1.22,1.22,0,0
1.24,1.24,0,0
1.26,1.26,0,0
1.28,1.28,0,0
1.3,1.3,0,0
1.32,1.32,0,0
1.34,1.34,0,0
1.36,1.36,0,0
1.38,1.38,0,0
1.4,1.4,0,0
1.42,1.42,0,0
1.44,1.44,0,0
1.46,1.46,0,0
1.48,1.48,0,0
1.5,1.5,0,0
1.52,1.52,0,0
1.54,1.54,0,0
1.56,1.56,0,0
1.58,1.58,0,0
1.6,1.6,0,0
1.62,1.62,0,0
1.64,1.64,0,0
1.66,1.66,0,0
1.68,1.68,0,0
1.7,1.7,0,0
1.72,1.72,0,0
1.74,1.74,0,0
1.76,1.76,0,0
1.78,1.78,0,0
1.8,1.8,0,0
1.82,1.82,0,0
1.84,1.84,0,0
1.86,1.86,0,0
1.88,1.88,0,0
1.9,1.9,0,0
1.92,1.92,0,0
1.94,1.94,0,0
1.96,1.96,0,0
1.98,1.98,0,0
2,2,0,0
2.02,2.02,0,0
2.04,2.04,0,0
2.06,2.06,0,0
2.08,2.08,0,0
2.1,2.1,0,0
2.12,2.12,0,0
2.14,2.14,0,0
2.16,2.16,0,0
2.18,2.18,0,0
2.2,2.2,0,0
2.22,2.22,0,0
2.24,2.24,0,0
2.26,2.26,0,0
2.28,2.28,0,0
2.3,2.3,0,0
2.32,2.32,0,0
2.34,2.34,0,0
2.36,2.36,0,0
2.38,2.38,0,0
2.4,2.4,0,0
2.42,2.42,0,0
2.44,2.44,0,0
2.46,2.46,0,0
2.48,2.48,0,0
2.5,2.5,0,0
2.52,2.52,0,0
2.54,2.54,0,0
2.56,2.56,0,0
2.58,2.58,0,0
2.6,2.6,0,0
2.62,2.62,0,0
2.64,2.64,0,0
2.66,2.66,0,0
2.68,2.68,0,0
2.7,2.7,0,0
2.72,2.72,0,0
2.74,2.74,0,0
2.76,2.76,0,0
2.78,2.78,0,0
2.8,2.8,0,0
2.82,2.82,0,0
2.84,2.84,0,0
2.86,2.86,0,0
2.88,2.88,0,0
2.9,2.9,0,0
2.92,2.92,0,0
2.94,2.94,0,0
2.96,2.96,0,0
2.98,2.98,0,0
3,3,0,0
3.02,3.02,0,0
3.04,3.04,0,0
3.06,3.06,0,0
3.08,3.08,0,0
3.1,3.1,0,0
3.12,3.12,0,0
3.14,3.14,0,0
3.16,3.16,0,0
3.18,3.18,0,0
3.2,3.2,0,0
3.22,3.22,0,0
3.24,3.24,0,0
3.26,3.26,0,0
3.28,3.28,0,0
3.3,3.3,0,0
3.32,3.32,0,0
3.34,3.34,0,0
3.36,3.36,0,0
3.38,3.38,0,0
3.4,3.4,0,0
3.42,3.42,0,0
3.44,3.44,0,0
3.46,3.46,0,0
3.48,3.48,0,0
3.5,3.5,0,0
3.52,3.52,0,0
3.54,3.54,0,0
3.56,3.56,0,0
3.58,3.58,0,0
3.6,3.6,0,0
3.62,3.62,0,0
3.64,3.64,0,0
3.66,3.66,0,0
3.68,3.68,0,0
3.7,3.7,0,0
3.72,3.72,0,0
3.74,3.74,0,0
3.76,3.76,0,0
3.78,3.78,0,0
3.8,3.8,0,0
3.82,3.82,0,0
3.84,3.84,0,0
3.86,3.86,0,0
3.88,3.88,0,0
3.9,3.9,0,0
3.92,3.92,0,0
3.94,3.94,0,0
3.96,3.96,0,0
3.98,3.98,0,0
4,4,0,0
4.02,4.02,0,0
4.04,4.04,0,0
4.06,4.06,0,0
4.08,4.08,0,0
4.1,4.1,0,0
4.12,4.12,0,0
4.14,4.14,0,0
4.16,4.16,0,0
4.18,4.18,0,0
4.2,4.2,0,0
4.22,4.22,0,0
4.24,4.24,0,0
4.26,4.26,0,0
4.28,4.28,0,0
4.3,4.3,0,0
4.32,4.32,0,0
4.34,4.34,0,0
4.36,4.36,0,0
4.38,4.38,0,0
4.4,4.4,0,0
4.42,4.42,0,0
4.44,4.44,0,0
4.46,4.46,0,0
4.48,4.48,0,0
4.5,4.5,0,0
4.52,4.52,0,0
4.54,4.54,0,0
4.56,4.56,0,0
4.58,4.58,0,0
4.6,4.6,0,0
4.62,4.62,0,0
4.64,4.64,0,0
4.66,4.66,0,0
4.68,4.68,0,0
4.7,4.7,0,0
4.72,4.72,0,0
4.74,4.74,0,0
4.76,4.76,0,0
4.78,4.78,0,0
4.8,4.8,0,0
4.82,4.82,0,0
4.84,4.84,0,0
4.86,4.86,0,0
4.88,4.88,0,0
4.9,4.9,0,0
4.92,4.92,0,0
4.94,4.94,0,0
4.96,4.96,0,0
4.98,4.98,0,0
5,5,0,0
5.02,5.02,0,0
5.04,5.04,0,0
5.06,5.06,0,0
5.08,5.08,0,0
5.1,5.1,0,0
5.12,5.12,0,0
5.14,5.14,0,0
5.16,5.16,0,0
5.18,5.18,0,0
5.2,5.2,0,0
5.22,5.22,0,0
5.24,5.24,0,0
5.26,5.26,0,0
5.28,5.28,0,0
5.3,5.3,0,0
5.32,5.32,0,0
5.34,5.34,0,0
5.36,5.36,0,0
5.38,5.38,0,0
5.4,5.4,0,0
5.42,5.42,0,0
5.44,5.44,0,0
5.46,5.46,0,0
5.48,5.48,0,0
5.5,5.5,0,0
5.52,5.52,0,0
5.54,5.54,0,0
5.56,5.56,0,0
5.58,5.58,0,0
5.6,5.6,0,0
5.62,5.62,0,0
5.64,5.64,0,0
5.66,5.66,0,0
5.68,5.68,0,0
5.7,5.7,0,0
5.72,5.72,0,0
5.74,5.74,0,0
5.76,5.76,0,0
5.78,5.78,0,0
5.8,5.8,0,0
5.82,5.82,0,0
5.84,5.84,0,0
5.86,5.86,0,0
5.88,5.88,0,0
5.9,5.9,0,0
5.92,5.92,0,0
5.94,5.94,0,0
5.96,5.96,0,0
5.98,5.98,0,0
6,6,0,0
6.02,6.02,0,0
6.04,6.04,0,0
6.06,6.06,0,0
6.08,6.08,0,0
6.1,6.1,0,0
6.12,6.12,0,0
6.14,6.14,0,0
6.16,6.16,0,0
6.18,6.18,0,0
6.2,6.2,0,0
6.22,6.22,0,0
6.24,6.24,0,0
6.26,6.26,0,0
6.28,6.28,0,0
6.3,6.3,0,0
6.32,6.32,0,0
6.34,6.34,0,0
6.36,6.36,0,0
6.38,6.38,0,0
6.4,6.4,0,0
6.42,6.42,0,0
6.44,6.44,0,0
6.46,6.46,0,0
6.48,6.48,0,0
6.5,6.5,0,0
6.52,6.52,0,0
6.54,6.54,0,0
6.56,6.56,0,0
6.58,6.58,0,0
6.6,6.6,0,0
6.62,6.62,0,0
6.64,6.64,0,0
6.66,6.66,0,0
6.68,6.68,0,0
6.7,6.7,0,0
6.72,6.72,0,0
6.74,6.74,0,0
6.76,6.76,0,0
6.78,6.78,0,0
6.8,6.8,0,0
6.82,6.82,0,0
6.84,6.84,0,0
6.86,6.86,0,0
6.88,6.88,0,0
6.9,6.9,0,0
6.92,6.92,0,0
6.94,6.94,0,0
6.96,6.96,0,0
6.98,6.98,0,0
7,7,0,0
7.02,7.02,0,0
7.04,7.04,0,0
7.06,7.06,0,0
7.08,7.08,0,0
7.1,7.1,0,0
7.12,7.12,0,0
7.14,7.14,0,0
7.16,7.16,0,0
7.18,7.18,0,0
7.2,7.2,0,0
7.22,7.22,0,0
7.24,7.24,0,0
7.26,7.26,0,0
7.28,7.28,0,0
7.3,7.3,0,0
7.32,7.32,0,0
7.34,7.34,0,0
7.36,7.36,0,0
7.38,7.38,0,0
7.4,7.4,0,0
7.42,7.42,0,0
7.44,7.44,0,0
7.46,7.46,0,0
7.48,7.48,0,0
7.5,7.5,0,0
7.52,7.52,0,0
7.54,7.54,0,0
7.56,7.56,0,0
7.58,7.58,0,0
7.6,7.6,0,0
7.62,7.62,0,0
7.64,7.64,0,0
7.66,7.66,0,0
7.68,7.68,0,0
7.7,7.7,0,0
7.72,7.72,0,0
7.74,7.74,0,0
7.76,7.76,0,0
7.78,7.78,0,0
7.8,7.8,0,0
7.82,7.82,0,0
7.84,7.84,0,0
7.86,7.86,0,0
7.88,7.88,0,0
7.9,7.9,0,0
7.92,7.92,0,0
7.94,7.94,0,0
7.96,7.96,0,0
7.98,7.98,0,0
8,8,0,0
8.02,8.02,0,0
8.04,8.04,0,0
8.06,8.06,0,0
8.08,8.08,0,0
8.1,8.1,0,0
8.12,8.12,0,0
8.14,8.14,0,0
8.16,8.16,0,0
8.18,8.18,0,0
8.2,8.2,0,0
8.22,8.22,0,0
8.24,8.24,0,0
8.26,8.26,0,0
8.28,8.28,0,0
8.3,8.3,0,0
8.32,8.32,0,0
8.34,8.34,0,0
8.36,8.36,0,0
8.38,8.38,0,0
8.4,8.4,0,0
8.42,8.42,0,0
8.44,8.44,0,0
8.46,8.46,0,0
8.48,8.48,0,0
8.5,8.5,0,0
8.52,8.52,0,0
8.54,8.54,0,0
8.56,8.56,0,0
8.58,8.58,0,0
8.6,8.6,0,0
8.62,8.62,0,0
8.64,8.64,0,0
8.66,8.66,0,0
8.68,8.68,0,0
8.7,8.7,0,0
8.72,8.72,0,0
8.74,8.74,0,0
8.76,8.76,0,0
8.78,8.78,0,0
8.8,8.8,0,0
8.82,8.82,0,0
8.84,8.84,0,0
8.86,8.86,0,0
8.88,8.88,0,0
8.9,8.9,0,0
8.92,8.92,0,0
8.94,8.94,0,0
8.96,8.96,0,0
8.98,8.98,0,0
9,9,0,0
9.02,9.02,0,0
9.04,9.04,0,0
9.06,9.06,0,0
9.08,9.08,0,0
9.1,9.1,0,0
9.12,9.12,0,0
9.14,9.14,0,0
9.16,9.16,0,0
9.18,9.18,0,0
9.2,9.2,0,0
9.22,9.22,0,0
9.24,9.24,0,0
9.26,9.26,0,0
9.28,9.28,0,0
9.3,9.3,0,0
9.32,9.32,0,0
9.34,9.34,0,0
9.36,9.36,0,0
9.38,9.38,0,0
9.4,9.4,0,0
9.42,9.42,0,0
9.44,9.44,0,0
9.46,9.46,0,0
9.48,9.48,0,0
9.5,9.5,0,0
9.52,9.52,0,0
9.54,9.54,0,0
9.56,9.56,0,0
9.58,9.58,0,0
9.6,9.6,0,0
9.62,9.62,0,0
9.64,9.64,0,0
9.66,9.66,0,0
9.68,9.68,0,0
9.7,9.7,0,0
9.72,9.72,0,0
9.74,9.74,0,0
9.76,9.76,0,0
9.78,9.78,0,0
9.8,9.8,0,0
9.82,9.82,0,0
9.84,9.84,0,0
9.86,9.86,0,0
9.88,9.88,0,0
9.9,9.9,0,0
9.92,9.92,0,0
9.94,9.94,0,0
9.96,9.96,0,0
9.98,9.98,0,0
10,10,0,0
10.02,10.02,0,0
10.04,10.04,0,0
10.06,10.06,0,0
10.08,10.08,0,0
10.1,10.1,0,0
10.12,10.12,0,0
10.14,10.14,0,0
10.16,10.16,0,0
10.18,10.18,0,0
10.2,10.2,0,0
10.22,10.22,0,0
10.24,10.24,0,0
10.26,10.26,0,0
10.28,10.28,0,0
10.3,10.3,0,0
10.32,10.32,0,0
10.34,10.34,0,0
10.36,10.36,0,0
10.38,10.38,0,0
10.4,10.4,0,0
10.42,10.42,0,0
10.44,10.44,0,0
10.46,10.46,0,0
10.48,10.48,0,0
10.5,10.5,0,0
10.52,10.52,0,0
10.54,10.54,0,0
10.56,10.56,0,0
10.58,10.58,0,0
10.6,10.6,0,0
10.62,10.62,0,0
10.64,10.64,0,0
10.66,10.66,0,0
10.68,10.68,0,0
10.7,10.7,0,0
10.72,10.72,0,0
10.74,10.74,0,0
10.76,10.76,0,0
10.78,10.78,0,0
10.8,10.8,0,0
10.82,10.82,0,0
10.84,10.84,0,0
10.86,10.86,0,0
10.88,10.88,0,0
10.9,10.9,0,0
10.92,10.92,0,0
10.94,10.94,0,0
10.96,10.96,0,0
10.98,10.98,0,0
11,11,0,0
11.02,11.02,0,0
11.04,11.04,0,0
11.06,11.06,0,0
11.08,11.08,0,0
11.1,11.1,0,0
11.12,11.12,0,0
11.14,11.14,0,0
11.16,11.16,0,0
11.18,11.18,0,0
11.2,11.2,0,0
11.22,11.22,0,0
11.24,11.24,0,0
11.26,11.26,0,0
11.28,11.28,0,0
11.3,11.3,0,0
11.32,11.32,0,0
11.34,11.34,0,0
11.36,11.36,0,0
11.38,11.38,0,0
11.4,11.4,0,0
11.42,11.42,0,0
11.44,11.44,0,0
11.46,11.46,0,0
11.48,11.48,0,0
11.5,11.5,0,0
11.52,11.52,0,0
11.54,11.54,0,0
11.56,11.56,0,0
11.58,11.58,0,0
11.6,11.6,0,0
11.62,11.62,0,0
11.64,11.64,0,0
11.66,11.66,0,0
11.68,11.68,0,0
11.7,11.7,0,0
11.72,11.72,0,0
11.74,11.74,0,0
11.76,11.76,0,0
11.78,11.78,0,0
11.8,11.8,0,0
11.82,11.82,0,0
11.84,11.84,0,0
11.86,11.86,0,0
11.88,11.88,0,0
11.9,11.9,0,0
11.92,11.92,0,0
11.94,11.94,0,0
11.96,11.96,0,0
11.98,11.98,0,0
12,12,0,0
12.02,12.02,0,0
12.04,12.04,0,0
12.06,12.06,0,0
12.08,12.08,0,0
12.1,12.1,0,0
12.12,12.12,0,0
12.14,12.14,0,0
12.16,12.16,0,0
12.18,12.18,0,0
12.2,12.2,0,0
12.22,12.22,0,0
12.24,12.24,0,0
12.26,12.26,0,0
12.28,12.28,0,0
12.3,12.3,0,0
12.32,12.32,0,0
12.34,12.34,0,0
12.36,12.36,0,0
12.38,12.38,0,0
12.4,12.4,0,0
12.42,12.42,0,0
12.44,12.44,0,0
12.46,12.46,0,0
12.48,12.48,0,0
12.5,12.5,0,0
12.52,12.52,0,0
12.54,12.54,0,0
12.56,12.56,0,0
12.58,12.58,0,0
12.6,12.6,0,0
12.62,12.62,0,0
12.64,12.64,0,0
12.66,12.66,0,0
12.68,12.68,0,0
12.7,12.7,0,0
12.72,12.72,0,0
12.74,12.74,0,0
12.76,12.76,0,0
12.78,12.78,0,0
12.8,12.8,0,0
12.82,12.82,0,0
12.84,12.84,0,0
12.86,12.86,0,0
12.88,12.88,0,0
12.9,12.9,0,0
12.92,12.92,0,0
12.94,12.94,0,0
12.96,12.96,0,0
12.98,12.98,0,0
13,13,0,0
13.02,13.02,0,0
13.04,13.04,0,0
13.06,13.06,0,0
13.08,13.08,0,0
13.1,13.1,0,0
13.12,13.12,0,0
13.14,13.14,0,0
13.16,13.16,0,0
13.18,13.18,0,0
13.2,13.2,0,0
13.22,13.22,0,0
13.24,13.24,0,0
13.26,13.26,0,0
13.28,13.28,0,0
13.3,13.3,0,0
13.32,13.32,0,0
13.34,13.34,0,0
13.36,13.36,0,0
13.38,13.38,0,0
13.4,13.4,0,0
13.42,13.42,0,0
13.44,13.44,0,0
13.46,13.46,0,0
13.48,13.48,0,0
13.5,13.5,0,0
13.52,13.52,0,0
13.54,13.54,0,0
13.56,13.56,0,0
13.58,13.58,0,0
13.6,13.6,0,0
13.62,13.62,0,0
13.64,13.64,0,0
13.66,13.66,0,0
13.68,13.68,0,0
13.7,13.7,0,0
13.72,13.72,0,0
13.74,13.74,0,0
13.76,13.76,0,0
13.78,13.78,0,0
13.8,13.8,0,0
13.82,13.82,0,0
13.84,13.84,0,0
13.86,13.86,0,0
13.88,13.88,0,0
13.9,13.9,0,0
13.92,13.92,0,0
13.94,13.94,0,0
13.96,13.96,0,0
13.98,13.98,0,0
14,14,0,0
14.02,14.02,0,0
14.04,14.04,0,0
14.06,14.06,0,0
14.08,14.08,0,0
14.1,14.1,0,0
14.12,14.12,0,0
14.14,14.14,0,0
14.16,14.16,0,0
14.18,14.18,0,0
14.2,14.2,0,0
14.22,14.22,0,0
14.24,14.24,0,0
14.26,14.26,0,0
14.28,14.28,0,0
14.3,14.3,0,0
14.32,14.32,0,0
14.34,14.34,0,0
14.36,14.36,0,0
14.38,14.38,0,0
14.4,14.4,0,0
14.42,14.42,0,0
14.44,14.44,0,0
14.46,14.46,0,0
14.48,14.48,0,0
14.5,14.5,0,0
14.52,14.52,0,0
14.54,14.54,0,0
14.56,14.56,0,0
14.58,14.58,0,0
14.6,14.6,0,0
14.62,14.62,0,0
14.64,14.64,0,0
14.66,14.66,0,0
14.68,14.68,0,0
14.7,14.7,0,0
14.72,14.72,0,0
14.74,14.74,0,0
14.76,14.76,0,0
14.78,14.78,0,0
14.8,14.8,0,0
14.82,14.82,0,0
14.84,14.84,0,0
14.86,14.86,0,0
14.88,14.88,0,0
14.9,14.9,0,0
14.92,14.92,0,0
14.94,14.94,0,0
14.96,14.96,0,0
14.98,14.98,0,0
15,15,0,0
15.02,15.01999996,4.00E-05,0
15.04,15.0399998,0.00011999976,0
15.06,15.05999944,0.00023999904,0
15.08,15.0799988,0.0003999973333,0
15.1,15.0999978,0.000599994,0
15.12,15.11999636,0.0008399882401,0
15.14,15.1399944,0.001119979093,0
15.16,15.15999184,0.00143996544,0
15.18,15.1799886,0.001799946001,0
15.2,15.1999846,0.002199919335,0
15.22,15.21997976,0.002639883842,0
15.24,15.239974,0.003119837763,0
15.26,15.25996724,0.003639779179,0
15.28,15.2799594,0.004199706008,0
15.3,15.2999504,0.004799616012,0
15.32,15.31994016,0.005439506791,0
15.34,15.3399286,0.006119375785,0
15.36,15.35991565,0.006839220276,0
15.38,15.37990121,0.007599037382,0
15.4,15.39988521,0.008398824066,0
15.42,15.41986757,0.009238577128,0
15.44,15.43984822,0.01011829321,0
15.46,15.45982706,0.01103796879,0
15.48,15.47980402,0.01199760019,0
15.5,15.49977903,0.01299718358,0
15.52,15.51975199,0.01403671495,0
15.54,15.53972284,0.01511619014,0
15.56,15.55969149,0.01623560485,0
15.58,15.57965786,0.01739495458,0
15.6,15.59962187,0.01859423471,0
15.62,15.61958344,0.01983344044,0
15.64,15.6395425,0.02111256681,0
15.66,15.65949895,0.02243160869,0
15.68,15.67945273,0.02379056083,0
15.7,15.69940375,0.02518941778,0
15.72,15.71935193,0.02662817394,0
15.74,15.7392972,0.02810682356,0
15.76,15.75923947,0.02962536073,0
15.78,15.77917866,0.03118377937,0
15.8,15.79911469,0.03278207325,0
15.82,15.81904749,0.03442023598,0
15.84,15.83897697,0.03609826099,0
15.86,15.85890306,0.03781614159,0
15.88,15.87882567,0.0395738709,0
15.9,15.89874472,0.04137144188,0
15.92,15.91866014,0.04320884735,0
15.94,15.93857184,0.04508607996,0
15.96,15.95847976,0.0470031322,0
15.98,15.97838379,0.0489599964,0
16,15.99828388,0.05095666473,0
16.02,16.01817993,0.05299312921,0
16.04,16.03807186,0.05506938169,0
16.06,16.05795961,0.05718541387,0
16.08,16.07784308,0.05934121728,0
16.1,16.0977222,0.0615367833,0
16.12,16.11759689,0.06377210314,0
16.14,16.13746708,0.06604716787,0
16.16,16.15733267,0.06836196838,0
16.18,16.17719359,0.07071649542,0
16.2,16.19704976,0.07311073956,0
16.22,16.2169011,0.07554469124,0
16.24,16.23674754,0.07801834071,0
16.26,16.25658899,0.08053167808,0
16.28,16.27642538,0.0830846933,0
16.3,16.29625661,0.08567737615,0
16.32,16.31608263,0.08830971627,0
16.34,16.33590333,0.09098170312,0
16.36,16.35571866,0.09369332602,0
16.38,16.37552852,0.09644457411,0
16.4,16.39533284,0.09923543641,0
16.42,16.41513154,0.1020659017,0
16.44,16.43492454,0.1049359588,0
16.46,16.45471176,0.107845596,0
16.48,16.47449312,0.1107948019,0
16.5,16.49426854,0.1137835645,0
16.52,16.51403794,0.116811872,0
16.54,16.53380125,0.1198797122,0
16.56,16.55355838,0.1229870729,0
16.58,16.57330926,0.1261339416,0
16.6,16.59305381,0.1293203057,0
16.62,16.61279194,0.1325461526,0
16.64,16.63252358,0.1358114692,0
16.66,16.65224866,0.1391162425,0
16.68,16.67196708,0.1424604594,0
16.7,16.69167877,0.1458441063,0
16.72,16.71138366,0.1492671699,0
16.74,16.73108167,0.1527296364,0
16.76,16.7507727,0.1562314919,0
16.78,16.7704567,0.1597727225,0
16.8,16.79013357,0.163353314,0
16.82,16.80980325,0.166973252,0
16.84,16.82946564,0.1706325221,0
16.86,16.84912068,0.1743311097,0
16.88,16.86876828,0.1780689999,0
16.9,16.88840836,0.1818461778,0
16.92,16.90804085,0.1856626283,0
16.94,16.92766567,0.1895183361,0
16.96,16.94728274,0.1934132858,0
16.98,16.96689198,0.1973474618,0
17,16.98649331,0.2013208485,0
17.02,17.00608666,0.2053334298,0
17.04,17.02567194,0.2093851897,0
17.06,17.04524908,0.2134761121,0
17.08,17.06481799,0.2176061805,0
17.1,17.08437861,0.2217753785,0
17.12,17.10393085,0.2259836894,0
17.14,17.12347464,0.2302310963,0
17.16,17.14300989,0.2345175823,0
17.18,17.16253653,0.2388431301,0
17.2,17.18205448,0.2432077226,0
17.22,17.20156366,0.2476113422,0
17.24,17.22106399,0.2520539713,0
17.26,17.2405554,0.2565355922,0
17.28,17.26003781,0.2610561869,0
17.3,17.27951114,0.2656157374,0
17.32,17.29897531,0.2702142254,0
17.34,17.31843024,0.2748516325,0
17.36,17.33787586,0.2795279401,0
17.38,17.35731209,0.2842431297,0
17.4,17.37673885,0.2889971822,0
17.42,17.39615606,0.2937900787,0
17.44,17.41556365,0.2986218,0
17.46,17.43496154,0.3034923269,0
17.48,17.45434964,0.3084016397,0
17.5,17.47372789,0.3133497189,0
17.52,17.49309621,0.3183365446,0
17.54,17.51245451,0.323362097,0
17.56,17.53180272,0.3284263559,0
17.58,17.55114076,0.3335293011,0
17.6,17.57046856,0.3386709121,0
17.62,17.58978604,0.3438511685,0
17.64,17.60909312,0.3490700494,0
17.66,17.62838972,0.354327534,0
17.68,17.64767577,0.3596236012,0
17.7,17.66695119,0.3649582299,0
17.72,17.6862159,0.3703313988,0
17.74,17.70546982,0.3757430863,0
17.76,17.72471289,0.3811932709,0
17.78,17.74394501,0.3866819306,0
17.8,17.76316612,0.3922090436,0
17.82,17.78237613,0.3977745877,0
17.84,17.80157498,0.4033785407,0
17.86,17.82076258,0.4090208801,0
17.88,17.83993886,0.4147015834,0
17.9,17.85910374,0.4204206279,0
17.92,17.87825714,0.4261779907,0
17.94,17.89739899,0.4319736488,0
17.96,17.9165292,0.4378075789,0
17.98,17.93564772,0.4436797578,0
18,17.95475445,0.4495901619,0
18.02,17.97384932,0.4555387677,0
18.04,17.99293225,0.4615255512,0
18.06,18.01200318,0.4675504887,0
18.08,18.03106201,0.4736135559,0
18.1,18.05010868,0.4797147286,0
18.12,18.06914311,0.4858539825,0
18.14,18.08816523,0.4920312929,0
18.16,18.10717495,0.4982466351,0
18.18,18.1261722,0.5044999844,0
18.2,18.14515691,0.5107913156,0
18.22,18.164129,0.5171206036,0
18.24,18.18308839,0.5234878231,0
18.26,18.20203501,0.5298929486,0
18.28,18.22096878,0.5363359546,0
18.3,18.23988963,0.5428168151,0
18.32,18.25879747,0.5493355044,0
18.34,18.27769225,0.5558919963,0
18.36,18.29657387,0.5624862646,0
18.38,18.31544226,0.569118283,0
18.4,18.33429736,0.5757880248,0
18.42,18.35313907,0.5824954635,0
18.44,18.37196734,0.5892405721,0
18.46,18.39078207,0.5960233238,0
18.48,18.4095832,0.6028436914,0
18.5,18.42837066,0.6097016475,0
18.52,18.44714436,0.6165971648,0
18.54,18.46590423,0.6235302157,0
18.56,18.4846502,0.6305007725,0
18.58,18.50338219,0.6375088072,0
18.6,18.52210013,0.6445542919,0
18.62,18.54080393,0.6516371983,0
18.64,18.55949354,0.6587574981,0
18.66,18.57816887,0.6659151629,0
18.68,18.59682984,0.673110164,0
18.7,18.61547639,0.6803424727,0
18.72,18.63410843,0.6876120599,0
18.74,18.6527259,0.6949188967,0
18.76,18.67132872,0.7022629538,0
18.78,18.68991681,0.7096442018,0
18.8,18.7084901,0.7170626111,0
18.82,18.72704852,0.7245181523,0
18.84,18.74559199,0.7320107953,0
18.86,18.76412044,0.7395405102,0
18.88,18.78263379,0.747107267,0
18.9,18.80113197,0.7547110353,0
18.92,18.81961491,0.7623517847,0
18.94,18.83808253,0.7700294847,0
18.96,18.85653476,0.7777441046,0
18.98,18.87497152,0.7854956134,0
19,18.89339273,0.7932839803,0
19.02,18.91179834,0.8011091739,0
19.04,18.93018826,0.8089711632,0
19.06,18.94856242,0.8168699165,0
19.08,18.96692074,0.8248054023,0
19.1,18.98526316,0.8327775888,0
19.12,19.00358959,0.8407864443,0
19.14,19.02189998,0.8488319365,0
19.16,19.04019423,0.8569140334,0
19.18,19.05847228,0.8650327026,0
19.2,19.07673406,0.8731879117,0
19.22,19.09497949,0.881379628,0
19.24,19.1132085,0.8896078187,0
19.26,19.13142102,0.897872451,0
19.28,19.14961698,0.9061734918,0
19.3,19.16779629,0.9145109078,0
19.32,19.1859589,0.9228846658,0
19.34,19.20410472,0.9312947322,0
19.36,19.22223368,0.9397410734,0
19.38,19.24034571,0.9482236557,0
19.4,19.25844075,0.956742445,0
19.42,19.27651871,0.9652974073,0
19.44,19.29457952,0.9738885084,0
19.46,19.31262312,0.9825157139,0
19.48,19.33064942,0.9911789893,0
19.5,19.34865836,0.9998783,0
19.52,19.36664987,1.008613611,0
19.54,19.38462387,1.017384888,0
19.56,19.40258029,1.026192095,0
19.58,19.42051906,1.035035197,0
19.6,19.43844011,1.043914159,0
19.62,19.45634337,1.052828946,0
19.64,19.47422876,1.061779521,0
19.66,19.49209622,1.070765849,0
19.68,19.50994566,1.079787894,0
19.7,19.52777703,1.088845619,0
19.72,19.54559024,1.09793899,0
19.74,19.56338523,1.107067968,0
19.76,19.58116193,1.116232519,0
19.78,19.59892027,1.125432604,0
19.8,19.61666017,1.134668187,0
19.82,19.63438156,1.143939232,0
19.84,19.65208437,1.153245701,0
19.86,19.66976854,1.162587557,0
19.88,19.68743398,1.171964763,0
19.9,19.70508064,1.181377281,0
19.92,19.72270844,1.190825073,0
19.94,19.7403173,1.200308102,0
19.96,19.75790717,1.209826329,0
19.98,19.77547796,1.219379718,0
20,19.79302961,1.228968228,0
20.02,19.81056205,1.238591823,0
20.04,19.82807521,1.248250464,0
20.06,19.84556901,1.257944111,0
20.08,19.8630434,1.267672727,0
20.1,19.88049829,1.277436272,0
20.12,19.89793361,1.287234707,0
20.14,19.91534931,1.297067993,0
20.16,19.93274531,1.306936091,0
20.18,19.95012153,1.316838961,0
20.2,19.96747791,1.326776564,0
20.22,19.98481439,1.33674886,0
20.24,20.00213088,1.346755808,0
20.26,20.01942733,1.35679737,0
20.28,20.03670366,1.366873504,0
20.3,20.0539598,1.376984171,0
20.32,20.07119568,1.38712933,0
20.34,20.08841124,1.39730894,0
20.36,20.10560641,1.407522961,0
20.38,20.12278112,1.417771352,0
20.4,20.13993529,1.428054072,0
20.42,20.15706886,1.43837108,0
20.44,20.17418177,1.448722334,0
20.46,20.19127394,1.459107793,0
20.48,20.2083453,1.469527416,0
20.5,20.22539579,1.47998116,0
20.52,20.24242534,1.490468985,0
20.54,20.25943388,1.500990847,0
20.56,20.27642134,1.511546706,0
20.58,20.29338766,1.522136519,0
20.6,20.31033276,1.532760243,0
20.62,20.32725658,1.543417836,0
20.64,20.34415905,1.554109255,0
20.66,20.36104011,1.564834458,0
20.68,20.37789968,1.575593401,0
20.7,20.3947377,1.586386042,0
20.72,20.4115541,1.597212337,0
20.74,20.42834881,1.608072244,0
20.76,20.44512177,1.618965718,0
20.78,20.46187291,1.629892716,0
20.8,20.47860217,1.640853195,0
20.82,20.49530947,1.65184711,0
20.84,20.51199474,1.662874418,0
20.86,20.52865793,1.673935075,0
20.88,20.54529897,1.685029035,0
20.9,20.56191778,1.696156256,0
20.92,20.57851431,1.707316692,0
20.94,20.59508848,1.718510298,0
20.96,20.61164023,1.72973703,0
20.98,20.6281695,1.740996844,0
21,20.64467621,1.752289693,0
21.02,20.6611603,1.763615534,0
21.04,20.67762171,1.77497432,0
21.06,20.69406037,1.786366005,0
21.08,20.71047621,1.797790546,0
21.1,20.72686917,1.809247895,0
21.12,20.74323918,1.820738007,0
21.14,20.75958618,1.832260836,0
21.16,20.77591011,1.843816337,0
21.18,20.79221088,1.855404461,0
21.2,20.80848845,1.867025165,0
21.22,20.82474275,1.8786784,0
21.24,20.8409737,1.89036412,0
21.26,20.85718126,1.902082279,0
21.28,20.87336534,1.913832829,0
21.3,20.88952589,1.925615725,0
21.32,20.90566284,1.937430917,0
21.34,20.92177613,1.94927836,0
21.36,20.93786569,1.961158006,0
21.38,20.95393147,1.973069807,0
21.4,20.96997338,1.985013716,0
21.42,20.98599138,1.996989685,0
21.44,21.00198539,2.008997665,0
21.46,21.01795535,2.02103761,0
21.48,21.0339012,2.033109471,0
21.5,21.04982288,2.045213199,0
21.52,21.06572031,2.057348746,0
21.54,21.08159345,2.069516064,0
21.56,21.09744222,2.081715104,0
21.58,21.11326655,2.093945816,0
21.6,21.1290664,2.106208154,0
21.62,21.14484169,2.118502066,0
21.64,21.16059236,2.130827504,0
21.66,21.17631834,2.143184419,0
21.68,21.19201958,2.155572761,0
21.7,21.20769602,2.16799248,0
21.72,21.22334758,2.180443528,0
21.74,21.23897421,2.192925854,0
21.76,21.25457584,2.205439408,0
21.78,21.27015242,2.217984141,0
21.8,21.28570387,2.230560001,0
21.82,21.30123014,2.24316694,0
21.84,21.31673117,2.255804905,0
21.86,21.33220689,2.268473847,0
21.88,21.34765724,2.281173716,0
21.9,21.36308216,2.293904459,0
21.92,21.37848159,2.306666027,0
21.94,21.39385546,2.319458369,0
21.96,21.40920372,2.332281432,0
21.98,21.4245263,2.345135166,0
22,21.43982315,2.35801952,0
22.02,21.45509419,2.370934442,0
22.04,21.47033938,2.38387988,0
22.06,21.48555864,2.396855782,0
22.08,21.50075192,2.409862097,0
22.1,21.51591916,2.422898772,0
22.12,21.53106029,2.435965756,0
22.14,21.54617526,2.449062996,0
22.16,21.561264,2.46219044,0
22.18,21.57632646,2.475348035,0
22.2,21.59136258,2.488535728,0
22.22,21.60637229,2.501753467,0
22.24,21.62135553,2.5150012,0
22.26,21.63631225,2.528278872,0
22.28,21.65124238,2.541586431,0
22.3,21.66614587,2.554923823,0
22.32,21.68102265,2.568290996,0
22.34,21.69587267,2.581687896,0
22.36,21.71069587,2.595114469,0
22.38,21.72549218,2.608570662,0
22.4,21.74026155,2.62205642,0
22.42,21.75500392,2.63557169,0
22.44,21.76971923,2.649116418,0
22.46,21.78440743,2.662690549,0
22.48,21.79906844,2.676294029,0
22.5,21.81370222,2.689926804,0
22.52,21.8283087,2.70358882,0
22.54,21.84288783,2.717280021,0
22.56,21.85743955,2.731000353,0
22.58,21.87196379,2.744749761,0
22.6,21.88646051,2.75852819,0
22.62,21.90092965,2.772335585,0
22.64,21.91537114,2.78617189,0
22.66,21.92978493,2.800037051,0
22.68,21.94417096,2.813931011,0
22.7,21.95852917,2.827853716,0
22.72,21.97285951,2.841805109,0
22.74,21.98716192,2.855785135,0
22.76,22.00143634,2.869793738,0
22.78,22.01568271,2.883830862,0
22.8,22.02990098,2.89789645,0
22.82,22.04409109,2.911990447,0
22.84,22.05825299,2.926112796,0
22.86,22.07238661,2.94026344,0
22.88,22.0864919,2.954442324,0
22.9,22.10056881,2.968649389,0
22.92,22.11461727,2.98288458,0
22.94,22.12863724,2.997147839,0
22.96,22.14262865,3.01143911,0
22.98,22.15659145,3.025758335,0
23,22.17052558,3.040105456,0
23.02,22.184431,3.054480418,0
23.04,22.19830763,3.068883161,0
23.06,22.21215543,3.083313629,0
23.08,22.22597435,3.097771764,0
23.1,22.23976431,3.112257507,0
23.12,22.25352528,3.126770802,0
23.14,22.2672572,3.141311589,0
23.16,22.28096001,3.155879811,0
23.18,22.29463365,3.17047541,0
23.2,22.30827807,3.185098326,0
23.22,22.32189322,3.199748502,0
23.24,22.33547905,3.214425879,0
23.26,22.34903549,3.229130399,0
23.28,22.36256249,3.243862002,0
23.3,22.37606001,3.258620629,0
23.32,22.38952798,3.273406222,0
23.34,22.40296635,3.288218721,0
23.36,22.41637507,3.303058068,0
23.38,22.42975409,3.317924202,0
23.4,22.44310335,3.332817064,0
23.42,22.45642279,3.347736595,0
23.44,22.46971237,3.362682736,0
23.46,22.48297203,3.377655425,0
23.48,22.49620172,3.392654604,0
23.5,22.50940138,3.407680212,0
23.52,22.52257096,3.422732189,0
23.54,22.53571042,3.437810476,0
23.56,22.54881969,3.452915011,0
23.58,22.56189873,3.468045734,0
23.6,22.57494748,3.483202585,0
23.62,22.58796589,3.498385504,0
23.64,22.6009539,3.513594429,0
23.66,22.61391148,3.528829299,0
23.68,22.62683856,3.544090054,0
23.7,22.63973509,3.559376633,0
23.72,22.65260102,3.574688974,0
23.74,22.6654363,3.590027017,0
23.76,22.67824088,3.605390699,0
23.78,22.69101471,3.62077996,0
23.8,22.70375773,3.636194737,0
23.82,22.7164699,3.65163497,0
23.84,22.72915116,3.667100596,0
23.86,22.74180147,3.682591554,0
23.88,22.75442076,3.698107781,0
23.9,22.76700901,3.713649216,0
23.92,22.77956614,3.729215797,0
23.94,22.79209211,3.74480746,0
23.96,22.80458688,3.760424144,0
23.98,22.81705039,3.776065787,0
24,22.82948258,3.791732325,0
24.02,22.84188343,3.807423696,0
24.04,22.85425286,3.823139838,0
24.06,22.86659084,3.838880687,0
24.08,22.87889731,3.85464618,0
24.1,22.89117222,3.870436255,0
24.12,22.90341553,3.886250848,0
24.14,22.91562719,3.902089896,0
24.16,22.92780714,3.917953336,0
24.18,22.93995535,3.933841103,0
24.2,22.95207175,3.949753136,0
24.22,22.9641563,3.965689369,0
24.24,22.97620896,3.98164974,0
24.26,22.98822968,3.997634184,0
24.28,23.0002184,4.013642637,0
24.3,23.01217508,4.029675036,0
24.32,23.02409967,4.045731316,0
24.34,23.03599212,4.061811413,0
24.36,23.04785239,4.077915263,0
24.38,23.05968043,4.094042801,0
24.4,23.07147619,4.110193963,0
24.42,23.08323963,4.126368685,0
24.44,23.09497069,4.1425669,0
24.46,23.10666933,4.158788546,0
24.48,23.11833551,4.175033556,0
24.5,23.12996917,4.191301866,0
24.52,23.14157027,4.207593411,0
24.54,23.15313876,4.223908125,0
24.56,23.16467461,4.240245944,0
24.58,23.17617775,4.256606802,0
24.6,23.18764815,4.272990633,0
24.62,23.19908576,4.289397373,0
24.64,23.21049053,4.305826955,0
24.66,23.22186243,4.322279313,0
24.68,23.23320139,4.338754382,0
24.7,23.24450738,4.355252097,0
24.72,23.25578035,4.37177239,0
24.74,23.26702026,4.388315196,0
24.76,23.27822706,4.404880449,0
24.78,23.28940071,4.421468082,0
24.8,23.30054116,4.438078029,0
24.82,23.31164837,4.454710225,0
24.84,23.32272229,4.471364601,0
24.86,23.33376288,4.488041091,0
24.88,23.3447701,4.50473963,0
24.9,23.3557439,4.52146015,0
24.92,23.36668423,4.538202583,0
24.94,23.37759106,4.554966864,0
24.96,23.38846434,4.571752925,0
24.98,23.39930402,4.588560699,0
25,23.41011007,4.605390119,0
25.02,23.42088243,4.622241117,0
25.04,23.43162107,4.639113626,0
25.06,23.44232595,4.656007579,0
25.08,23.45299702,4.672922907,0
25.1,23.46363423,4.689859544,0
25.12,23.47423755,4.706817422,0
25.14,23.48480693,4.723796472,0
25.16,23.49534234,4.740796627,0
25.18,23.50584372,4.757817818,0
25.2,23.51631104,4.774859979,0
25.22,23.52674425,4.79192304,0
25.24,23.53714332,4.809006933,0
25.26,23.5475082,4.82611159,0
25.28,23.55783885,4.843236943,0
25.3,23.56813522,4.860382923,0
25.32,23.57839729,4.877549461,0
25.34,23.588625,4.894736489,0
25.36,23.59881831,4.911943938,0
25.38,23.6089772,4.929171739,0
25.4,23.6191016,4.946419824,0
25.42,23.62919149,4.963688123,0
25.44,23.63924682,4.980976567,0
25.46,23.64926756,4.998285087,0
25.48,23.65925365,5.015613614,0
25.5,23.66920508,5.032962079,0
25.52,23.67912178,5.050330411,0
25.54,23.68900373,5.067718543,0
25.56,23.69885088,5.085126403,0
25.58,23.70866319,5.102553923,0
25.6,23.71844064,5.120001032,0
25.62,23.72818316,5.137467662,0
25.64,23.73789074,5.154953742,0
25.66,23.74756332,5.172459202,0
25.68,23.75720088,5.189983972,0
25.7,23.76680336,5.207527982,0
25.72,23.77637074,5.225091162,0
25.74,23.78590297,5.242673441,0
25.76,23.79540002,5.26027475,0
25.78,23.80486185,5.277895018,0
25.8,23.81428841,5.295534174,0
25.82,23.82367968,5.313192148,0
25.84,23.83303562,5.330868869,0
25.86,23.84235618,5.348564267,0
25.88,23.85164134,5.36627827,0
25.9,23.86089104,5.384010809,0
25.92,23.87010527,5.401761811,0
25.94,23.87928397,5.419531206,0
25.96,23.88842712,5.437318923,0
25.98,23.89753467,5.455124891,0
26,23.90660659,5.472949038,0
26.02,23.91564285,5.490791293,0
26.04,23.9246434,5.508651586,0
26.06,23.93360822,5.526529843,0
26.08,23.94253726,5.544425995,0
26.1,23.95143049,5.562339968,0
26.12,23.96028787,5.580271693,0
26.14,23.96910937,5.598221096,0
26.16,23.97789496,5.616188106,0
26.18,23.9866446,5.634172652,0
26.2,23.99535825,5.652174661,0
26.22,24.00403587,5.670194061,0
26.24,24.01267744,5.68823078,0
26.26,24.02128293,5.706284746,0
26.28,24.02985228,5.724355888,0
26.3,24.03838548,5.742444131,0
26.32,24.04688248,5.760549405,0
26.34,24.05534325,5.778671637,0
26.36,24.06376777,5.796810754,0
26.38,24.07215599,5.814966684,0
26.4,24.08050788,5.833139354,0
26.42,24.08882341,5.851328691,0
26.44,24.09710254,5.869534623,0
26.46,24.10534524,5.887757077,0
26.48,24.11355149,5.90599598,0
26.5,24.12172123,5.924251259,0
26.52,24.12985446,5.942522841,0
26.54,24.13795112,5.960810652,0
26.56,24.14601119,5.979114621,0
26.58,24.15403464,5.997434673,0
26.6,24.16202143,6.015770735,0
26.62,24.16997153,6.034122734,0
26.64,24.17788491,6.052490596,0
26.66,24.18576154,6.070874249,0
26.68,24.19360139,6.089273618,0
26.7,24.20140443,6.10768863,0
26.72,24.20917061,6.126119211,0
26.74,24.21689992,6.144565288,0
26.76,24.22459233,6.163026786,0
26.78,24.23224779,6.181503633,0
26.8,24.23986629,6.199995753,0
26.82,24.24744779,6.218503073,0
26.84,24.25499225,6.237025519,0
26.86,24.26249966,6.255563017,0
26.88,24.26996998,6.274115493,0
26.9,24.27740318,6.292682873,0
26.92,24.28479922,6.311265081,0
26.94,24.29215809,6.329862045,0
26.96,24.29947975,6.348473689,0
26.98,24.30676418,6.367099939,0
27,24.31401133,6.385740721,0
27.02,24.32122119,6.404395959,0
27.04,24.32839372,6.42306558,0
27.06,24.3355289,6.441749509,0
27.08,24.3426267,6.460447671,0
27.1,24.34968709,6.479159991,0
27.12,24.35671004,6.497886395,0
27.14,24.36369552,6.516626806,0
27.16,24.37064351,6.535381152,0
27.18,24.37755398,6.554149355,0
27.2,24.38442689,6.572931343,0
27.22,24.39126223,6.591727038,0
27.24,24.39805996,6.610536366,0
27.26,24.40482006,6.629359253,0
27.28,24.4115425,6.648195622,0
27.3,24.41822725,6.667045398,0
27.32,24.4248743,6.685908505,0
27.34,24.4314836,6.70478487,0
27.36,24.43805514,6.723674415,0
27.38,24.44458888,6.742577065,0
27.4,24.4510848,6.761492745,0
27.42,24.45754289,6.780421379,0
27.44,24.4639631,6.799362891,0
27.46,24.47034541,6.818317206,0
27.48,24.47668981,6.837284248,0
27.5,24.48299625,6.85626394,0
27.52,24.48926473,6.875256207,0
27.54,24.49549521,6.894260974,0
27.56,24.50168766,6.913278163,0
27.58,24.50784207,6.932307699,0
27.6,24.51395841,6.951349506,0
27.62,24.52003665,6.970403507,0
27.64,24.52607678,6.989469627,0
27.66,24.53207875,7.008547789,0
27.68,24.53804256,7.027637916,0
27.7,24.54396818,7.046739934,0
27.72,24.54985558,7.065853764,0
27.74,24.55570474,7.08497933,0
27.76,24.56151564,7.104116557,0
27.78,24.56728826,7.123265367,0
27.8,24.57302256,7.142425685,0
27.82,24.57871853,7.161597432,0
27.84,24.58437615,7.180780533,0
27.86,24.58999539,7.199974911,0
27.88,24.59557623,7.219180489,0
27.9,24.60111865,7.23839719,0
27.92,24.60662262,7.257624938,0
27.94,24.61208813,7.276863655,0
27.96,24.61751515,7.296113265,0
27.98,24.62290365,7.31537369,0
28,24.62825363,7.334644854,0
28.02,24.63356505,7.353926679,0
28.04,24.6388379,7.373219088,0
28.06,24.64407216,7.392522005,0
28.08,24.6492678,7.411835351,0
28.1,24.6544248,7.43115905,0
28.12,24.65954314,7.450493025,0
28.14,24.6646228,7.469837197,0
28.16,24.66966377,7.48919149,0
28.18,24.67466602,7.508555826,0
28.2,24.67962953,7.527930128,0
28.22,24.68455428,7.547314319,0
28.24,24.68944025,7.56670832,0
28.26,24.69428742,7.586112054,0
28.28,24.69909578,7.605525443,0
28.3,24.7038653,7.624948411,0
28.32,24.70859597,7.644380879,0
28.34,24.71328776,7.663822769,0
28.36,24.71794066,7.683274004,0
28.38,24.72255464,7.702734506,0
28.4,24.7271297,7.722204197,0
28.42,24.73166581,7.741682999,0
28.44,24.73616295,7.761170834,0
28.46,24.74062111,7.780667624,0
28.48,24.74504026,7.800173292,0
28.5,24.74942039,7.819687759,0
28.52,24.75376149,7.839210948,0
28.54,24.75806353,7.858742779,0
28.56,24.7623265,7.878283176,0
28.58,24.76655038,7.897832059,0
28.6,24.77073515,7.917389351,0
28.62,24.7748808,7.936954974,0
28.64,24.77898731,7.956528848,0
28.66,24.78305467,7.976110897,0
28.68,24.78708285,7.995701041,0
28.7,24.79107184,8.015299202,0
28.72,24.79502163,8.034905302,0
28.74,24.79893221,8.054519263,0
28.76,24.80280354,8.074141005,0
28.78,24.80663562,8.093770451,0
28.8,24.81042844,8.113407521,0
28.82,24.81418197,8.133052138,0
28.84,24.81789621,8.152704223,0
28.86,24.82157114,8.172363697,0
28.88,24.82520674,8.192030481,0
28.9,24.828803,8.211704497,0
28.92,24.8323599,8.231385667,0
28.94,24.83587744,8.251073911,0
28.96,24.83935559,8.27076915,0
28.98,24.84279434,8.290471307,0
29,24.84619369,8.310180302,0
29.02,24.8495536,8.329896055,0
29.04,24.85287408,8.34961849,0
29.06,24.85615511,8.369347525,0
29.08,24.85939668,8.389083084,0
29.1,24.86259876,8.408825086,0
29.12,24.86576136,8.428573453,0
29.14,24.86888445,8.448328105,0
29.16,24.87196803,8.468088964,0
29.18,24.87501208,8.487855951,0
29.2,24.87801659,8.507628986,0
29.22,24.88098155,8.527407991,0
29.24,24.88390694,8.547192886,0
29.26,24.88679276,8.566983592,0
29.28,24.88963899,8.58678003,0
29.3,24.89244562,8.606582122,0
29.32,24.89521264,8.626389786,0
29.34,24.89794004,8.646202946,0
29.36,24.90062781,8.66602152,0
29.38,24.90327594,8.685845431,0
29.4,24.90588441,8.705674598,0
29.42,24.90845322,8.725508942,0
29.44,24.91098236,8.745348384,0
29.46,24.91347181,8.765192845,0
29.48,24.91592157,8.785042245,0
29.5,24.91833163,8.804896505,0
29.52,24.92070197,8.824755545,0
29.54,24.92303259,8.844619286,0
29.56,24.92532348,8.864487649,0
29.58,24.92757462,8.884360553,0
29.6,24.92978602,8.904237921,0
29.62,24.93195766,8.924119671,0
29.64,24.93408952,8.944005725,0
29.66,24.93618162,8.963896003,0
29.68,24.93823392,8.983790425,0
29.7,24.94024644,9.003688912,0
29.72,24.94221915,9.023591384,0
29.74,24.94415206,9.043497762,0
29.76,24.94604515,9.063407966,0
29.78,24.94789841,9.083321916,0
29.8,24.94971184,9.103239533,0
29.82,24.95148544,9.123160737,0
29.84,24.95321918,9.143085448,0
29.86,24.95491308,9.163013587,0
29.88,24.95656711,9.182945074,0
29.9,24.95818128,9.202879829,0
29.92,24.95975558,9.222817772,0
29.94,24.96129,9.242758824,0
29.96,24.96278453,9.262702906,0
29.98,24.96423917,9.282649936,0
30,24.96565391,9.302599836,0
30.02,24.96706866,9.322549735,0.01
30.04,24.9684834,9.342499635,0.02
30.06,24.96989815,9.362449535,0.03
30.08,24.97131289,9.382399435,0.04
30.1,24.97272763,9.402349334,0.05
30.12,24.97414238,9.422299234,0.06
30.14,24.97555712,9.442249134,0.07
30.16,24.97697187,9.462199034,0.08
30.18,24.97838661,9.482148933,0.09
30.2,24.97980135,9.502098833,0.1
30.22,24.9812161,9.522048733,0.11
30.24,24.98263084,9.541998632,0.12
30.26,24.98404559,9.561948532,0.13
30.28,24.98546033,9.581898432,0.14
30.3,24.98687507,9.601848332,0.15
30.32,24.98828982,9.621798231,0.16
30.34,24.98970456,9.641748131,0.17
30.36,24.99111931,9.661698031,0.18
30.38,24.99253405,9.681647931,0.19
30.4,24.99394879,9.70159783,0.2
30.42,24.99536354,9.72154773,0.21
30.44,24.99677828,9.74149763,0.22
30.46,24.99819303,9.761447529,0.23
30.48,24.99960777,9.781397429,0.24
30.5,25.00102251,9.801347329,0.25
30.52,25.00243726,9.821297229,0.26
30.54,25.003852,9.841247128,0.27
30.56,25.00526675,9.861197028,0.28
30.58,25.00668149,9.881146928,0.29
30.6,25.00809623,9.901096828,0.3
30.62,25.00951098,9.921046727,0.31
30.64,25.01092572,9.940996627,0.32
30.66,25.01234047,9.960946527,0.33
30.68,25.01375521,9.980896427,0.34
30.7,25.01516995,10.00084633,0.35
30.72,25.0165847,10.02079623,0.36
30.74,25.01799944,10.04074613,0.37
30.76,25.01941419,10.06069603,0.38
30.78,25.02082893,10.08064593,0.39
30.8,25.02224367,10.10059582,0.4
30.82,25.02365842,10.12054572,0.41
30.84,25.02507316,10.14049562,0.42
30.86,25.02648791,10.16044552,0.43
30.88,25.02790265,10.18039542,0.44
30.9,25.02931739,10.20034532,0.45
30.92,25.03073214,10.22029522,0.46
30.94,25.03214688,10.24024512,0.47
30.96,25.03356163,10.26019502,0.48
30.98,25.03497637,10.28014492,0.49
31,25.03639111,10.30009482,0.5
31.02,25.03780586,10.32004472,0.51
31.04,25.0392206,10.33999462,0.52
31.06,25.04063535,10.35994452,0.53
31.08,25.04205009,10.37989442,0.54
31.1,25.04346483,10.39984432,0.55
31.12,25.04487958,10.41979422,0.56
31.14,25.04629432,10.43974412,0.57
31.16,25.04770907,10.45969402,0.58
31.18,25.04912381,10.47964392,0.59
31.2,25.05053856,10.49959382,0.6
31.22,25.0519533,10.51954372,0.61
31.24,25.05336804,10.53949362,0.62
31.26,25.05478279,10.55944352,0.63
31.28,25.05619753,10.57939342,0.64
31.3,25.05761228,10.59934332,0.65
31.32,25.05902702,10.61929322,0.66
31.34,25.06044176,10.63924312,0.67
31.36,25.06185651,10.65919302,0.68
31.38,25.06327125,10.67914292,0.69
31.4,25.064686,10.69909282,0.7
31.42,25.06610074,10.71904272,0.71
31.44,25.06751548,10.73899262,0.72
31.46,25.06893023,10.75894252,0.73
31.48,25.07034497,10.77889242,0.74
31.5,25.07175972,10.79884232,0.75
31.52,25.07317446,10.81879222,0.76
31.54,25.0745892,10.83874212,0.77
31.56,25.07600395,10.85869201,0.78
31.58,25.07741869,10.87864191,0.79
31.6,25.07883344,10.89859181,0.8
31.62,25.08024818,10.91854171,0.81
31.64,25.08166292,10.93849161,0.82
31.66,25.08307767,10.95844151,0.83
31.68,25.08449241,10.97839141,0.84
31.7,25.08590716,10.99834131,0.85
31.72,25.0873219,11.01829121,0.86
31.74,25.08873664,11.03824111,0.87
31.76,25.09015139,11.05819101,0.88
31.78,25.09156613,11.07814091,0.89
31.8,25.09298088,11.09809081,0.9
31.82,25.09439562,11.11804071,0.91
31.84,25.09581036,11.13799061,0.92
31.86,25.09722511,11.15794051,0.93
31.88,25.09863985,11.17789041,0.94
31.9,25.1000546,11.19784031,0.95
31.92,25.10146934,11.21779021,0.96
31.94,25.10288408,11.23774011,0.97
31.96,25.10429883,11.25769001,0.98
31.98,25.10571357,11.27763991,0.99
32,25.10712832,11.29758981,1
32.02,25.10854306,11.31753971,1.01
32.04,25.1099578,11.33748961,1.02
32.06,25.11137255,11.35743951,1.03
32.08,25.11278729,11.37738941,1.04
32.1,25.11420204,11.39733931,1.05
32.12,25.11561678,11.41728921,1.06
32.14,25.11703152,11.43723911,1.07
32.16,25.11844627,11.45718901,1.08
32.18,25.11986101,11.47713891,1.09
32.2,25.12127576,11.49708881,1.1
32.22,25.1226905,11.51703871,1.11
32.24,25.12410524,11.53698861,1.12
32.26,25.12551999,11.55693851,1.13
32.28,25.12693473,11.57688841,1.14
32.3,25.12834948,11.5968383,1.15
32.32,25.12976422,11.6167882,1.16
32.34,25.13117896,11.6367381,1.17
32.36,25.13259371,11.656688,1.18
32.38,25.13400845,11.6766379,1.19
32.4,25.1354232,11.6965878,1.2
32.42,25.13683794,11.7165377,1.21
32.44,25.13825269,11.7364876,1.22
32.46,25.13966743,11.7564375,1.23
32.48,25.14108217,11.7763874,1.24
32.5,25.14249692,11.7963373,1.25
32.52,25.14391166,11.8162872,1.26
32.54,25.14532641,11.8362371,1.27
32.56,25.14674115,11.856187,1.28
32.58,25.14815589,11.8761369,1.29
32.6,25.14957064,11.8960868,1.3
32.62,25.15098538,11.9160367,1.31
32.64,25.15240013,11.9359866,1.32
32.66,25.15381487,11.9559365,1.33
32.68,25.15522961,11.9758864,1.34
32.7,25.15664436,11.9958363,1.35
32.72,25.1580591,12.0157862,1.36
32.74,25.15947385,12.0357361,1.37
32.76,25.16088859,12.055686,1.38
32.78,25.16230333,12.0756359,1.39
32.8,25.16371808,12.0955858,1.4
32.82,25.16513282,12.1155357,1.41
32.84,25.16654757,12.1354856,1.42
32.86,25.16796231,12.1554355,1.43
32.88,25.16937705,12.1753854,1.44
32.9,25.1707918,12.1953353,1.45
32.92,25.17220654,12.2152852,1.46
32.94,25.17362129,12.2352351,1.47
32.96,25.17503603,12.255185,1.48
32.98,25.17645077,12.2751349,1.49
33,25.17786552,12.2950848,1.5
33.02,25.17928026,12.3150347,1.51
33.04,25.18069501,12.33498459,1.52
33.06,25.18210975,12.35493449,1.53
33.08,25.18352449,12.37488439,1.54
33.1,25.18493924,12.39483429,1.55
33.12,25.18635398,12.41478419,1.56
33.14,25.18776873,12.43473409,1.57
33.16,25.18918347,12.45468399,1.58
33.18,25.19059821,12.47463389,1.59
33.2,25.19201296,12.49458379,1.6
33.22,25.1934277,12.51453369,1.61
33.24,25.19484245,12.53448359,1.62
33.26,25.19625719,12.55443349,1.63
33.28,25.19767193,12.57438339,1.64
33.3,25.19908668,12.59433329,1.65
33.32,25.20050142,12.61428319,1.66
33.34,25.20191617,12.63423309,1.67
33.36,25.20333091,12.65418299,1.68
33.38,25.20474565,12.67413289,1.69
33.4,25.2061604,12.69408279,1.7
33.42,25.20757514,12.71403269,1.71
33.44,25.20898989,12.73398259,1.72
33.46,25.21040463,12.75393249,1.73
33.48,25.21181937,12.77388239,1.74
33.5,25.21323412,12.79383229,1.75
33.52,25.21464886,12.81378219,1.76
33.54,25.21606361,12.83373209,1.77
33.56,25.21747835,12.85368199,1.78
33.58,25.2188931,12.87363189,1.79
33.6,25.22030784,12.89358179,1.8
33.62,25.22172258,12.91353169,1.81
33.64,25.22313733,12.93348159,1.82
33.66,25.22455207,12.95343149,1.83
33.68,25.22596682,12.97338139,1.84
33.7,25.22738156,12.99333129,1.85
33.72,25.2287963,13.01328119,1.86
33.74,25.23021105,13.03323109,1.87
33.76,25.23162579,13.05318099,1.88
33.78,25.23304054,13.07313089,1.89
33.8,25.23445528,13.09308078,1.9
33.82,25.23587002,13.11303068,1.91
33.84,25.23728477,13.13298058,1.92
33.86,25.23869951,13.15293048,1.93
33.88,25.24011426,13.17288038,1.94
33.9,25.241529,13.19283028,1.95
33.92,25.24294374,13.21278018,1.96
33.94,25.24435849,13.23273008,1.97
33.96,25.24577323,13.25267998,1.98
33.98,25.24718798,13.27262988,1.99
34,25.24860272,13.29257978,2
34.02,25.25001746,13.31252968,2.01
34.04,25.25143221,13.33247958,2.02
34.06,25.25284695,13.35242948,2.03
34.08,25.2542617,13.37237938,2.04
34.1,25.25567644,13.39232928,2.05
34.12,25.25709118,13.41227918,2.06
34.14,25.25850593,13.43222908,2.07
34.16,25.25992067,13.45217898,2.08
34.18,25.26133542,13.47212888,2.09
34.2,25.26275016,13.49207878,2.1
34.22,25.2641649,13.51202868,2.11
34.24,25.26557965,13.53197858,2.12
34.26,25.26699439,13.55192848,2.13
34.28,25.26840914,13.57187838,2.14
34.3,25.26982388,13.59182828,2.15
34.32,25.27123862,13.61177818,2.16
34.34,25.27265337,13.63172808,2.17
34.36,25.27406811,13.65167798,2.18
34.38,25.27548286,13.67162788,2.19
34.4,25.2768976,13.69157778,2.2
34.42,25.27831234,13.71152768,2.21
34.44,25.27972709,13.73147758,2.22
34.46,25.28114183,13.75142748,2.23
34.48,25.28255658,13.77137738,2.24
34.5,25.28397132,13.79132728,2.25
34.52,25.28538606,13.81127718,2.26
34.54,25.28680081,13.83122707,2.27
34.56,25.28821555,13.85117697,2.28
34.58,25.2896303,13.87112687,2.29
34.6,25.29104504,13.89107677,2.3
34.62,25.29245978,13.91102667,2.31
34.64,25.29387453,13.93097657,2.32
34.66,25.29528927,13.95092647,2.33
34.68,25.29670402,13.97087637,2.34
34.7,25.29811876,13.99082627,2.35
34.72,25.2995335,14.01077617,2.36
34.74,25.30094825,14.03072607,2.37
34.76,25.30236299,14.05067597,2.38
34.78,25.30377774,14.07062587,2.39
34.8,25.30519248,14.09057577,2.4
34.82,25.30660723,14.11052567,2.41
34.84,25.30802197,14.13047557,2.42
34.86,25.30943671,14.15042547,2.43
34.88,25.31085146,14.17037537,2.44
34.9,25.3122662,14.19032527,2.45
34.92,25.31368095,14.21027517,2.46
34.94,25.31509569,14.23022507,2.47
34.96,25.31651043,14.25017497,2.48
34.98,25.31792518,14.27012487,2.49
35,25.31933992,14.29007477,2.5
35.02,25.32075467,14.31002467,2.51
35.04,25.32216941,14.32997457,2.52
35.06,25.32358415,14.34992447,2.53
35.08,25.3249989,14.36987437,2.54
35.1,25.32641364,14.38982427,2.55
35.12,25.32782839,14.40977417,2.56
35.14,25.32924313,14.42972407,2.57
35.16,25.33065787,14.44967397,2.58
35.18,25.33207262,14.46962387,2.59
35.2,25.33348736,14.48957377,2.6
35.22,25.33490211,14.50952367,2.61
35.24,25.33631685,14.52947357,2.62
35.26,25.33773159,14.54942347,2.63
35.28,25.33914634,14.56937336,2.64
35.3,25.34056108,14.58932326,2.65
35.32,25.34197583,14.60927316,2.66
35.34,25.34339057,14.62922306,2.67
35.36,25.34480531,14.64917296,2.68
35.38,25.34622006,14.66912286,2.69
35.4,25.3476348,14.68907276,2.7
35.42,25.34904955,14.70902266,2.71
35.44,25.35046429,14.72897256,2.72
35.46,25.35187903,14.74892246,2.73
35.48,25.35329378,14.76887236,2.74
35.5,25.35470852,14.78882226,2.75
35.52,25.35612327,14.80877216,2.76
35.54,25.35753801,14.82872206,2.77
35.56,25.35895275,14.84867196,2.78
35.58,25.3603675,14.86862186,2.79
35.6,25.36178224,14.88857176,2.8
35.62,25.36319699,14.90852166,2.81
35.64,25.36461173,14.92847156,2.82
35.66,25.36602647,14.94842146,2.83
35.68,25.36744122,14.96837136,2.84
35.7,25.36885596,14.98832126,2.85
35.72,25.37027071,15.00827116,2.86
35.74,25.37168545,15.02822106,2.87
35.76,25.37310019,15.04817096,2.88
35.78,25.37451494,15.06812086,2.89
35.8,25.37592968,15.08807076,2.9
35.82,25.37734443,15.10802066,2.91
35.84,25.37875917,15.12797056,2.92
35.86,25.38017391,15.14792046,2.93
35.88,25.38158866,15.16787036,2.94
35.9,25.3830034,15.18782026,2.95
35.92,25.38441815,15.20777016,2.96
35.94,25.38583289,15.22772006,2.97
35.96,25.38724764,15.24766996,2.98
35.98,25.38866238,15.26761986,2.99
36,25.39007712,15.28756976,3
36.02,25.39149187,15.30751966,3.01
36.04,25.39290661,15.32746955,3.02
36.06,25.39432136,15.34741945,3.03
36.08,25.3957361,15.36736935,3.04
36.1,25.39715084,15.38731925,3.05
36.12,25.39856559,15.40726915,3.06
36.14,25.39998033,15.42721905,3.07
36.16,25.40139508,15.44716895,3.08
36.18,25.40280982,15.46711885,3.09
36.2,25.40422456,15.48706875,3.1
36.22,25.40563931,15.50701865,3.11
36.24,25.40705405,15.52696855,3.12
36.26,25.4084688,15.54691845,3.13
36.28,25.40988354,15.56686835,3.14
36.3,25.41129828,15.58681825,3.15
36.32,25.41271303,15.60676815,3.16
36.34,25.41412777,15.62671805,3.17
36.36,25.41554252,15.64666795,3.18
36.38,25.41695726,15.66661785,3.19
36.4,25.418372,15.68656775,3.2
36.42,25.41978675,15.70651765,3.21
36.44,25.42120149,15.72646755,3.22
36.46,25.42261624,15.74641745,3.23
36.48,25.42403098,15.76636735,3.24
36.5,25.42544572,15.78631725,3.25
36.52,25.42686047,15.80626715,3.26
36.54,25.42827521,15.82621705,3.27
36.56,25.42968996,15.84616695,3.28
36.58,25.4311047,15.86611685,3.29
36.6,25.43251944,15.88606675,3.3
36.62,25.43393419,15.90601665,3.31
36.64,25.43534893,15.92596655,3.32
36.66,25.43676368,15.94591645,3.33
36.68,25.43817842,15.96586635,3.34
36.7,25.43959316,15.98581625,3.35
36.72,25.44100791,16.00576615,3.36
36.74,25.44242265,16.02571605,3.37
36.76,25.4438374,16.04566595,3.38
36.78,25.44525214,16.06561584,3.39
36.8,25.44666688,16.08556574,3.4
36.82,25.44808163,16.10551564,3.41
36.84,25.44949637,16.12546554,3.42
36.86,25.45091112,16.14541544,3.43
36.88,25.45232586,16.16536534,3.44
36.9,25.4537406,16.18531524,3.45
36.92,25.45515535,16.20526514,3.46
36.94,25.45657009,16.22521504,3.47
36.96,25.45798484,16.24516494,3.48
36.98,25.45939958,16.26511484,3.49
37,25.46081432,16.28506474,3.5
37.02,25.46222907,16.30501464,3.51
37.04,25.46364381,16.32496454,3.52
37.06,25.46505856,16.34491444,3.53
37.08,25.4664733,16.36486434,3.54
37.1,25.46788804,16.38481424,3.55
37.12,25.46930279,16.40476414,3.56
37.14,25.47071753,16.42471404,3.57
37.16,25.47213228,16.44466394,3.58
37.18,25.47354702,16.46461384,3.59
37.2,25.47496177,16.48456374,3.6
37.22,25.47637651,16.50451364,3.61
37.24,25.47779125,16.52446354,3.62
37.26,25.479206,16.54441344,3.63
37.28,25.48062074,16.56436334,3.64
37.3,25.48203549,16.58431324,3.65
37.32,25.48345023,16.60426314,3.66
37.34,25.48486497,16.62421304,3.67
37.36,25.48627972,16.64416294,3.68
37.38,25.48769446,16.66411284,3.69
37.4,25.48910921,16.68406274,3.7
37.42,25.49052395,16.70401264,3.71
37.44,25.49193869,16.72396254,3.72
37.46,25.49335344,16.74391244,3.73
37.48,25.49476818,16.76386234,3.74
37.5,25.49618293,16.78381224,3.75
37.52,25.49759767,16.80376213,3.76
37.54,25.49901241,16.82371203,3.77
37.56,25.50042716,16.84366193,3.78
37.58,25.5018419,16.86361183,3.79
37.6,25.50325665,16.88356173,3.8
37.62,25.50467139,16.90351163,3.81
37.64,25.50608613,16.92346153,3.82
37.66,25.50750088,16.94341143,3.83
37.68,25.50891562,16.96336133,3.84
37.7,25.51033037,16.98331123,3.85
37.72,25.51174511,17.00326113,3.86
37.74,25.51315985,17.02321103,3.87
37.76,25.5145746,17.04316093,3.88
37.78,25.51598934,17.06311083,3.89
37.8,25.51740409,17.08306073,3.9
37.82,25.51881883,17.10301063,3.91
37.84,25.52023357,17.12296053,3.92
37.86,25.52164832,17.14291043,3.93
37.88,25.52306306,17.16286033,3.94
37.9,25.52447781,17.18281023,3.95
37.92,25.52589255,17.20276013,3.96
37.94,25.52730729,17.22271003,3.97
37.96,25.52872204,17.24265993,3.98
37.98,25.53013678,17.26260983,3.99
38,25.53155153,17.28255973,4
38.02,25.53296627,17.30250963,4.01
38.04,25.53438101,17.32245953,4.02
38.06,25.53579576,17.34240943,4.03
38.08,25.5372105,17.36235933,4.04
38.1,25.53862525,17.38230923,4.05
38.12,25.54003999,17.40225913,4.06
38.14,25.54145473,17.42220903,4.07
38.16,25.54286948,17.44215893,4.08
38.18,25.54428422,17.46210883,4.09
38.2,25.54569897,17.48205873,4.1
38.22,25.54711371,17.50200863,4.11
38.24,25.54852845,17.52195853,4.12
38.26,25.5499432,17.54190842,4.13
38.28,25.55135794,17.56185832,4.14
38.3,25.55277269,17.58180822,4.15
38.32,25.55418743,17.60175812,4.16
38.34,25.55560217,17.62170802,4.17
38.36,25.55701692,17.64165792,4.18
38.38,25.55843166,17.66160782,4.19
38.4,25.55984641,17.68155772,4.2
38.42,25.56126115,17.70150762,4.21
38.44,25.5626759,17.72145752,4.22
38.46,25.56409064,17.74140742,4.23
38.48,25.56550538,17.76135732,4.24
38.5,25.56692013,17.78130722,4.25
38.52,25.56833487,17.80125712,4.26
38.54,25.56974962,17.82120702,4.27
38.56,25.57116436,17.84115692,4.28
38.58,25.5725791,17.86110682,4.29
38.6,25.57399385,17.88105672,4.3
38.62,25.57540859,17.90100662,4.31
38.64,25.57682334,17.92095652,4.32
38.66,25.57823808,17.94090642,4.33
38.68,25.57965282,17.96085632,4.34
38.7,25.58106757,17.98080622,4.35
38.72,25.58248231,18.00075612,4.36
38.74,25.58389706,18.02070602,4.37
38.76,25.5853118,18.04065592,4.38
38.78,25.58672654,18.06060582,4.39
38.8,25.58814129,18.08055572,4.4
38.82,25.58955603,18.10050562,4.41
38.84,25.59097078,18.12045552,4.42
38.86,25.59238552,18.14040542,4.43
38.88,25.59380026,18.16035532,4.44
38.9,25.59521501,18.18030522,4.45
38.92,25.59662975,18.20025512,4.46
38.94,25.5980445,18.22020502,4.47
38.96,25.59945924,18.24015492,4.48
38.98,25.60087398,18.26010482,4.49
39,25.60228873,18.28005472,4.5
39.02,25.60370347,18.30000461,4.51
39.04,25.60511822,18.31995451,4.52
39.06,25.60653296,18.33990441,4.53
39.08,25.6079477,18.35985431,4.54
39.1,25.60936245,18.37980421,4.55
39.12,25.61077719,18.39975411,4.56
39.14,25.61219194,18.41970401,4.57
39.16,25.61360668,18.43965391,4.58
39.18,25.61502142,18.45960381,4.59
39.2,25.61643617,18.47955371,4.6
39.22,25.61785091,18.49950361,4.61
39.24,25.61926566,18.51945351,4.62
39.26,25.6206804,18.53940341,4.63
39.28,25.62209514,18.55935331,4.64
39.3,25.62350989,18.57930321,4.65
39.32,25.62492463,18.59925311,4.66
39.34,25.62633938,18.61920301,4.67
39.36,25.62775412,18.63915291,4.68
39.38,25.62916886,18.65910281,4.69
39.4,25.63058361,18.67905271,4.7
39.42,25.63199835,18.69900261,4.71
39.44,25.6334131,18.71895251,4.72
39.46,25.63482784,18.73890241,4.73
39.48,25.63624258,18.75885231,4.74
39.5,25.63765733,18.77880221,4.75
39.52,25.63907207,18.79875211,4.76
39.54,25.64048682,18.81870201,4.77
39.56,25.64190156,18.83865191,4.78
39.58,25.64331631,18.85860181,4.79
39.6,25.64473105,18.87855171,4.8
39.62,25.64614579,18.89850161,4.81
39.64,25.64756054,18.91845151,4.82
39.66,25.64897528,18.93840141,4.83
39.68,25.65039003,18.95835131,4.84
39.7,25.65180477,18.97830121,4.85
39.72,25.65321951,18.99825111,4.86
39.74,25.65463426,19.01820101,4.87
39.76,25.656049,19.0381509,4.88
39.78,25.65746375,19.0581008,4.89
39.8,25.65887849,19.0780507,4.9
39.82,25.66029323,19.0980006,4.91
39.84,25.66170798,19.1179505,4.92
39.86,25.66312272,19.1379004,4.93
39.88,25.66453747,19.1578503,4.94
39.9,25.66595221,19.1778002,4.95
39.92,25.66736695,19.1977501,4.96
39.94,25.6687817,19.2177,4.97
39.96,25.67019644,19.2376499,4.98
39.98,25.67161119,19.2575998,4.99
40,25.67302593,19.2775497,5
40.02,25.67444067,19.2974996,4.99
40.04,25.67585542,19.3174495,4.98
40.06,25.67727016,19.3373994,4.97
40.08,25.67868491,19.3573493,4.96
40.1,25.68009965,19.3772992,4.95
40.12,25.68151439,19.3972491,4.94
40.14,25.68292914,19.417199,4.93
40.16,25.68434388,19.4371489,4.92
40.18,25.68575863,19.4570988,4.91
40.2,25.68717337,19.4770487,4.9
40.22,25.68858811,19.4969986,4.89
40.24,25.69000286,19.5169485,4.88
40.26,25.6914176,19.5368984,4.87
40.28,25.69283235,19.5568483,4.86
40.3,25.69424709,19.5767982,4.85
40.32,25.69566183,19.5967481,4.84
40.34,25.69707658,19.616698,4.83
40.36,25.69849132,19.6366479,4.82
40.38,25.69990607,19.6565978,4.81
40.4,25.70132081,19.6765477,4.8
40.42,25.70273555,19.6964976,4.79
40.44,25.7041503,19.7164475,4.78
40.46,25.70556504,19.7363974,4.77
40.48,25.70697979,19.7563473,4.76
40.5,25.70839453,19.77629719,4.75
40.52,25.70980927,19.79624709,4.74
40.54,25.71122402,19.81619699,4.73
40.56,25.71263876,19.83614689,4.72
40.58,25.71405351,19.85609679,4.71
40.6,25.71546825,19.87604669,4.7
40.62,25.71688299,19.89599659,4.69
40.64,25.71829774,19.91594649,4.68
40.66,25.71971248,19.93589639,4.67
40.68,25.72112723,19.95584629,4.66
40.7,25.72254197,19.97579619,4.65
40.72,25.72395671,19.99574609,4.64
40.74,25.72537146,20.01569599,4.63
40.76,25.7267862,20.03564589,4.62
40.78,25.72820095,20.05559579,4.61
40.8,25.72961569,20.07554569,4.6
40.82,25.73103044,20.09549559,4.59
40.84,25.73244518,20.11544549,4.58
40.86,25.73385992,20.13539539,4.57
40.88,25.73527467,20.15534529,4.56
40.9,25.73668941,20.17529519,4.55
40.92,25.73810416,20.19524509,4.54
40.94,25.7395189,20.21519499,4.53
40.96,25.74093364,20.23514489,4.52
40.98,25.74234839,20.25509479,4.51
41,25.74376313,20.27504469,4.5
41.02,25.74517788,20.29499459,4.49
41.04,25.74659262,20.31494449,4.48
41.06,25.74800736,20.33489439,4.47
41.08,25.74942211,20.35484429,4.46
41.1,25.75083685,20.37479419,4.45
41.12,25.7522516,20.39474409,4.44
41.14,25.75366634,20.41469399,4.43
41.16,25.75508108,20.43464389,4.42
41.18,25.75649583,20.45459379,4.41
41.2,25.75791057,20.47454369,4.4
41.22,25.75932532,20.49449359,4.39
41.24,25.76074006,20.51444349,4.38
41.26,25.7621548,20.53439338,4.37
41.28,25.76356955,20.55434328,4.36
41.3,25.76498429,20.57429318,4.35
41.32,25.76639904,20.59424308,4.34
41.34,25.76781378,20.61419298,4.33
41.36,25.76922852,20.63414288,4.32
41.38,25.77064327,20.65409278,4.31
41.4,25.77205801,20.67404268,4.3
41.42,25.77347276,20.69399258,4.29
41.44,25.7748875,20.71394248,4.28
41.46,25.77630224,20.73389238,4.27
41.48,25.77771699,20.75384228,4.26
41.5,25.77913173,20.77379218,4.25
41.52,25.78054648,20.79374208,4.24
41.54,25.78196122,20.81369198,4.23
41.56,25.78337596,20.83364188,4.22
41.58,25.78479071,20.85359178,4.21
41.6,25.78620545,20.87354168,4.2
41.62,25.7876202,20.89349158,4.19
41.64,25.78903494,20.91344148,4.18
41.66,25.79044968,20.93339138,4.17
41.68,25.79186443,20.95334128,4.16
41.7,25.79327917,20.97329118,4.15
41.72,25.79469392,20.99324108,4.14
41.74,25.79610866,21.01319098,4.13
41.76,25.7975234,21.03314088,4.12
41.78,25.79893815,21.05309078,4.11
41.8,25.80035289,21.07304068,4.1
41.82,25.80176764,21.09299058,4.09
41.84,25.80318238,21.11294048,4.08
41.86,25.80459712,21.13289038,4.07
41.88,25.80601187,21.15284028,4.06
41.9,25.80742661,21.17279018,4.05
41.92,25.80884136,21.19274008,4.04
41.94,25.8102561,21.21268998,4.03
41.96,25.81167085,21.23263988,4.02
41.98,25.81308559,21.25258978,4.01
42,25.81450033,21.27253967,4
42.02,25.81591508,21.29248957,3.99
42.04,25.81732982,21.31243947,3.98
42.06,25.81874457,21.33238937,3.97
42.08,25.82015931,21.35233927,3.96
42.1,25.82157405,21.37228917,3.95
42.12,25.8229888,21.39223907,3.94
42.14,25.82440354,21.41218897,3.93
42.16,25.82581829,21.43213887,3.92
42.18,25.82723303,21.45208877,3.91
42.2,25.82864777,21.47203867,3.9
42.22,25.83006252,21.49198857,3.89
42.24,25.83147726,21.51193847,3.88
42.26,25.83289201,21.53188837,3.87
42.28,25.83430675,21.55183827,3.86
42.3,25.83572149,21.57178817,3.85
42.32,25.83713624,21.59173807,3.84
42.34,25.83855098,21.61168797,3.83
42.36,25.83996573,21.63163787,3.82
42.38,25.84138047,21.65158777,3.81
42.4,25.84279521,21.67153767,3.8
42.42,25.84420996,21.69148757,3.79
42.44,25.8456247,21.71143747,3.78
42.46,25.84703945,21.73138737,3.77
42.48,25.84845419,21.75133727,3.76
42.5,25.84986893,21.77128717,3.75
42.52,25.85128368,21.79123707,3.74
42.54,25.85269842,21.81118697,3.73
42.56,25.85411317,21.83113687,3.72
42.58,25.85552791,21.85108677,3.71
42.6,25.85694265,21.87103667,3.7
42.62,25.8583574,21.89098657,3.69
42.64,25.85977214,21.91093647,3.68
42.66,25.86118689,21.93088637,3.67
42.68,25.86260163,21.95083627,3.66
42.7,25.86401637,21.97078617,3.65
42.72,25.86543112,21.99073607,3.64
42.74,25.86684586,22.01068596,3.63
42.76,25.86826061,22.03063586,3.62
42.78,25.86967535,22.05058576,3.61
42.8,25.87109009,22.07053566,3.6
42.82,25.87250484,22.09048556,3.59
42.84,25.87391958,22.11043546,3.58
42.86,25.87533433,22.13038536,3.57
42.88,25.87674907,22.15033526,3.56
42.9,25.87816381,22.17028516,3.55
42.92,25.87957856,22.19023506,3.54
42.94,25.8809933,22.21018496,3.53
42.96,25.88240805,22.23013486,3.52
42.98,25.88382279,22.25008476,3.51
43,25.88523753,22.27003466,3.5
43.02,25.88665228,22.28998456,3.49
43.04,25.88806702,22.30993446,3.48
43.06,25.88948177,22.32988436,3.47
43.08,25.89089651,22.34983426,3.46
43.1,25.89231125,22.36978416,3.45
43.12,25.893726,22.38973406,3.44
43.14,25.89514074,22.40968396,3.43
43.16,25.89655549,22.42963386,3.42
43.18,25.89797023,22.44958376,3.41
43.2,25.89938498,22.46953366,3.4
43.22,25.90079972,22.48948356,3.39
43.24,25.90221446,22.50943346,3.38
43.26,25.90362921,22.52938336,3.37
43.28,25.90504395,22.54933326,3.36
43.3,25.9064587,22.56928316,3.35
43.32,25.90787344,22.58923306,3.34
43.34,25.90928818,22.60918296,3.33
43.36,25.91070293,22.62913286,3.32
43.38,25.91211767,22.64908276,3.31
43.4,25.91353242,22.66903266,3.3
43.42,25.91494716,22.68898256,3.29
43.44,25.9163619,22.70893246,3.28
43.46,25.91777665,22.72888236,3.27
43.48,25.91919139,22.74883226,3.26
43.5,25.92060614,22.76878215,3.25
43.52,25.92202088,22.78873205,3.24
43.54,25.92343562,22.80868195,3.23
43.56,25.92485037,22.82863185,3.22
43.58,25.92626511,22.84858175,3.21
43.6,25.92767986,22.86853165,3.2
43.62,25.9290946,22.88848155,3.19
43.64,25.93050934,22.90843145,3.18
43.66,25.93192409,22.92838135,3.17
43.68,25.93333883,22.94833125,3.16
43.7,25.93475358,22.96828115,3.15
43.72,25.93616832,22.98823105,3.14
43.74,25.93758306,23.00818095,3.13
43.76,25.93899781,23.02813085,3.12
43.78,25.94041255,23.04808075,3.11
43.8,25.9418273,23.06803065,3.1
43.82,25.94324204,23.08798055,3.09
43.84,25.94465678,23.10793045,3.08
43.86,25.94607153,23.12788035,3.07
43.88,25.94748627,23.14783025,3.06
43.9,25.94890102,23.16778015,3.05
43.92,25.95031576,23.18773005,3.04
43.94,25.9517305,23.20767995,3.03
43.96,25.95314525,23.22762985,3.02
43.98,25.95455999,23.24757975,3.01
44,25.95597474,23.26752965,3
44.02,25.95738948,23.28747955,2.99
44.04,25.95880422,23.30742945,2.98
44.06,25.96021897,23.32737935,2.97
44.08,25.96163371,23.34732925,2.96
44.1,25.96304846,23.36727915,2.95
44.12,25.9644632,23.38722905,2.94
44.14,25.96587794,23.40717895,2.93
44.16,25.96729269,23.42712885,2.92
44.18,25.96870743,23.44707875,2.91
44.2,25.97012218,23.46702865,2.9
44.22,25.97153692,23.48697855,2.89
44.24,25.97295166,23.50692844,2.88
44.26,25.97436641,23.52687834,2.87
44.28,25.97578115,23.54682824,2.86
44.3,25.9771959,23.56677814,2.85
44.32,25.97861064,23.58672804,2.84
44.34,25.98002538,23.60667794,2.83
44.36,25.98144013,23.62662784,2.82
44.38,25.98285487,23.64657774,2.81
44.4,25.98426962,23.66652764,2.8
44.42,25.98568436,23.68647754,2.79
44.44,25.98709911,23.70642744,2.78
44.46,25.98851385,23.72637734,2.77
44.48,25.98992859,23.74632724,2.76
44.5,25.99134334,23.76627714,2.75
44.52,25.99275808,23.78622704,2.74
44.54,25.99417283,23.80617694,2.73
44.56,25.99558757,23.82612684,2.72
44.58,25.99700231,23.84607674,2.71
44.6,25.99841706,23.86602664,2.7
44.62,25.9998318,23.88597654,2.69
44.64,26.00124655,23.90592644,2.68
44.66,26.00266129,23.92587634,2.67
44.68,26.00407603,23.94582624,2.66
44.7,26.00549078,23.96577614,2.65
44.72,26.00690552,23.98572604,2.64
44.74,26.00832027,24.00567594,2.63
44.76,26.00973501,24.02562584,2.62
44.78,26.01114975,24.04557574,2.61
44.8,26.0125645,24.06552564,2.6
44.82,26.01397924,24.08547554,2.59
44.84,26.01539399,24.10542544,2.58
44.86,26.01680873,24.12537534,2.57
44.88,26.01822347,24.14532524,2.56
44.9,26.01963822,24.16527514,2.55
44.92,26.02105296,24.18522504,2.54
44.94,26.02246771,24.20517494,2.53
44.96,26.02388245,24.22512484,2.52
44.98,26.02529719,24.24507473,2.51
45,26.02671194,24.26502463,2.5
45.02,26.02812668,24.28497453,2.49
45.04,26.02954143,24.30492443,2.48
45.06,26.03095617,24.32487433,2.47
45.08,26.03237091,24.34482423,2.46
45.1,26.03378566,24.36477413,2.45
45.12,26.0352004,24.38472403,2.44
45.14,26.03661515,24.40467393,2.43
45.16,26.03802989,24.42462383,2.42
45.18,26.03944463,24.44457373,2.41
45.2,26.04085938,24.46452363,2.4
45.22,26.04227412,24.48447353,2.39
45.24,26.04368887,24.50442343,2.38
45.26,26.04510361,24.52437333,2.37
45.28,26.04651835,24.54432323,2.36
45.3,26.0479331,24.56427313,2.35
45.32,26.04934784,24.58422303,2.34
45.34,26.05076259,24.60417293,2.33
45.36,26.05217733,24.62412283,2.32
45.38,26.05359207,24.64407273,2.31
45.4,26.05500682,24.66402263,2.3
45.42,26.05642156,24.68397253,2.29
45.44,26.05783631,24.70392243,2.28
45.46,26.05925105,24.72387233,2.27
45.48,26.06066579,24.74382223,2.26
45.5,26.06208054,24.76377213,2.25
45.52,26.06349528,24.78372203,2.24
45.54,26.06491003,24.80367193,2.23
45.56,26.06632477,24.82362183,2.22
45.58,26.06773952,24.84357173,2.21
45.6,26.06915426,24.86352163,2.2
45.62,26.070569,24.88347153,2.19
45.64,26.07198375,24.90342143,2.18
45.66,26.07339849,24.92337133,2.17
45.68,26.07481324,24.94332123,2.16
45.7,26.07622798,24.96327113,2.15
45.72,26.07764272,24.98322103,2.14
45.74,26.07905747,25.00317092,2.13
45.76,26.08047221,25.02312082,2.12
45.78,26.08188696,25.04307072,2.11
45.8,26.0833017,25.06302062,2.1
45.82,26.08471644,25.08297052,2.09
45.84,26.08613119,25.10292042,2.08
45.86,26.08754593,25.12287032,2.07
45.88,26.08896068,25.14282022,2.06
45.9,26.09037542,25.16277012,2.05
45.92,26.09179016,25.18272002,2.04
45.94,26.09320491,25.20266992,2.03
45.96,26.09461965,25.22261982,2.02
45.98,26.0960344,25.24256972,2.01
46,26.09744914,25.26251962,2
46.02,26.09886388,25.28246952,1.99
46.04,26.10027863,25.30241942,1.98
46.06,26.10169337,25.32236932,1.97
46.08,26.10310812,25.34231922,1.96
46.1,26.10452286,25.36226912,1.95
46.12,26.1059376,25.38221902,1.94
46.14,26.10735235,25.40216892,1.93
46.16,26.10876709,25.42211882,1.92
46.18,26.11018184,25.44206872,1.91
46.2,26.11159658,25.46201862,1.9
46.22,26.11301132,25.48196852,1.89
46.24,26.11442607,25.50191842,1.88
46.26,26.11584081,25.52186832,1.87
46.28,26.11725556,25.54181822,1.86
46.3,26.1186703,25.56176812,1.85
46.32,26.12008504,25.58171802,1.84
46.34,26.12149979,25.60166792,1.83
46.36,26.12291453,25.62161782,1.82
46.38,26.12432928,25.64156772,1.81
46.4,26.12574402,25.66151762,1.8
46.42,26.12715876,25.68146752,1.79
46.44,26.12857351,25.70141742,1.78
46.46,26.12998825,25.72136732,1.77
46.48,26.131403,25.74131721,1.76
46.5,26.13281774,25.76126711,1.75
46.52,26.13423248,25.78121701,1.74
46.54,26.13564723,25.80116691,1.73
46.56,26.13706197,25.82111681,1.72
46.58,26.13847672,25.84106671,1.71
46.6,26.13989146,25.86101661,1.7
46.62,26.1413062,25.88096651,1.69
46.64,26.14272095,25.90091641,1.68
46.66,26.14413569,25.92086631,1.67
46.68,26.14555044,25.94081621,1.66
46.7,26.14696518,25.96076611,1.65
46.72,26.14837992,25.98071601,1.64
46.74,26.14979467,26.00066591,1.63
46.76,26.15120941,26.02061581,1.62
46.78,26.15262416,26.04056571,1.61
46.8,26.1540389,26.06051561,1.6
46.82,26.15545365,26.08046551,1.59
46.84,26.15686839,26.10041541,1.58
46.86,26.15828313,26.12036531,1.57
46.88,26.15969788,26.14031521,1.56
46.9,26.16111262,26.16026511,1.55
46.92,26.16252737,26.18021501,1.54
46.94,26.16394211,26.20016491,1.53
46.96,26.16535685,26.22011481,1.52
46.98,26.1667716,26.24006471,1.51
47,26.16818634,26.26001461,1.5
47.02,26.16960109,26.27996451,1.49
47.04,26.17101583,26.29991441,1.48
47.06,26.17243057,26.31986431,1.47
47.08,26.17384532,26.33981421,1.46
47.1,26.17526006,26.35976411,1.45
47.12,26.17667481,26.37971401,1.44
47.14,26.17808955,26.39966391,1.43
47.16,26.17950429,26.41961381,1.42
47.18,26.18091904,26.43956371,1.41
47.2,26.18233378,26.45951361,1.4
47.22,26.18374853,26.4794635,1.39
47.24,26.18516327,26.4994134,1.38
47.26,26.18657801,26.5193633,1.37
47.28,26.18799276,26.5393132,1.36
47.3,26.1894075,26.5592631,1.35
47.32,26.19082225,26.579213,1.34
47.34,26.19223699,26.5991629,1.33
47.36,26.19365173,26.6191128,1.32
47.38,26.19506648,26.6390627,1.31
47.4,26.19648122,26.6590126,1.3
47.42,26.19789597,26.6789625,1.29
47.44,26.19931071,26.6989124,1.28
47.46,26.20072545,26.7188623,1.27
47.48,26.2021402,26.7388122,1.26
47.5,26.20355494,26.7587621,1.25
47.52,26.20496969,26.778712,1.24
47.54,26.20638443,26.7986619,1.23
47.56,26.20779917,26.8186118,1.22
47.58,26.20921392,26.8385617,1.21
47.6,26.21062866,26.8585116,1.2
47.62,26.21204341,26.8784615,1.19
47.64,26.21345815,26.8984114,1.18
47.66,26.21487289,26.9183613,1.17
47.68,26.21628764,26.9383112,1.16
47.7,26.21770238,26.9582611,1.15
47.72,26.21911713,26.978211,1.14
47.74,26.22053187,26.9981609,1.13
47.76,26.22194661,27.0181108,1.12
47.78,26.22336136,27.0380607,1.11
47.8,26.2247761,27.0580106,1.1
47.82,26.22619085,27.0779605,1.09
47.84,26.22760559,27.0979104,1.08
47.86,26.22902033,27.1178603,1.07
47.88,26.23043508,27.1378102,1.06
47.9,26.23184982,27.1577601,1.05
47.92,26.23326457,27.17771,1.04
47.94,26.23467931,27.1976599,1.03
47.96,26.23609406,27.2176098,1.02
47.98,26.2375088,27.23755969,1.01
48,26.23892354,27.25750959,1
48.02,26.24033829,27.27745949,0.99
48.04,26.24175303,27.29740939,0.98
48.06,26.24316778,27.31735929,0.97
48.08,26.24458252,27.33730919,0.96
48.1,26.24599726,27.35725909,0.95
48.12,26.24741201,27.37720899,0.94
48.14,26.24882675,27.39715889,0.93
48.16,26.2502415,27.41710879,0.92
48.18,26.25165624,27.43705869,0.91
48.2,26.25307098,27.45700859,0.9
48.22,26.25448573,27.47695849,0.89
48.24,26.25590047,27.49690839,0.88
48.26,26.25731522,27.51685829,0.87
48.28,26.25872996,27.53680819,0.86
48.3,26.2601447,27.55675809,0.85
48.32,26.26155945,27.57670799,0.84
48.34,26.26297419,27.59665789,0.83
48.36,26.26438894,27.61660779,0.82
48.38,26.26580368,27.63655769,0.81
48.4,26.26721842,27.65650759,0.8
48.42,26.26863317,27.67645749,0.79
48.44,26.27004791,27.69640739,0.78
48.46,26.27146266,27.71635729,0.77
48.48,26.2728774,27.73630719,0.76
48.5,26.27429214,27.75625709,0.75
48.52,26.27570689,27.77620699,0.74
48.54,26.27712163,27.79615689,0.73
48.56,26.27853638,27.81610679,0.72
48.58,26.27995112,27.83605669,0.71
48.6,26.28136586,27.85600659,0.7
48.62,26.28278061,27.87595649,0.69
48.64,26.28419535,27.89590639,0.68
48.66,26.2856101,27.91585629,0.67
48.68,26.28702484,27.93580619,0.66
48.7,26.28843958,27.95575609,0.65
48.72,26.28985433,27.97570598,0.64
48.74,26.29126907,27.99565588,0.63
48.76,26.29268382,28.01560578,0.62
48.78,26.29409856,28.03555568,0.61
48.8,26.2955133,28.05550558,0.6
48.82,26.29692805,28.07545548,0.59
48.84,26.29834279,28.09540538,0.58
48.86,26.29975754,28.11535528,0.57
48.88,26.30117228,28.13530518,0.56
48.9,26.30258702,28.15525508,0.55
48.92,26.30400177,28.17520498,0.54
48.94,26.30541651,28.19515488,0.53
48.96,26.30683126,28.21510478,0.52
48.98,26.308246,28.23505468,0.51
49,26.30966074,28.25500458,0.5
49.02,26.31107549,28.27495448,0.49
49.04,26.31249023,28.29490438,0.48
49.06,26.31390498,28.31485428,0.47
49.08,26.31531972,28.33480418,0.46
49.1,26.31673446,28.35475408,0.45
49.12,26.31814921,28.37470398,0.44
49.14,26.31956395,28.39465388,0.43
49.16,26.3209787,28.41460378,0.42
49.18,26.32239344,28.43455368,0.41
49.2,26.32380819,28.45450358,0.4
49.22,26.32522293,28.47445348,0.39
49.24,26.32663767,28.49440338,0.38
49.26,26.32805242,28.51435328,0.37
49.28,26.32946716,28.53430318,0.36
49.3,26.33088191,28.55425308,0.35
49.32,26.33229665,28.57420298,0.34
49.34,26.33371139,28.59415288,0.33
49.36,26.33512614,28.61410278,0.32
49.38,26.33654088,28.63405268,0.31
49.4,26.33795563,28.65400258,0.3
49.42,26.33937037,28.67395248,0.29
49.44,26.34078511,28.69390238,0.28
49.46,26.34219986,28.71385227,0.27
49.48,26.3436146,28.73380217,0.26
49.5,26.34502935,28.75375207,0.25
49.52,26.34644409,28.77370197,0.24
49.54,26.34785883,28.79365187,0.23
49.56,26.34927358,28.81360177,0.22
49.58,26.35068832,28.83355167,0.21
49.6,26.35210307,28.85350157,0.2
49.62,26.35351781,28.87345147,0.19
49.64,26.35493255,28.89340137,0.18
49.66,26.3563473,28.91335127,0.17
49.68,26.35776204,28.93330117,0.16
49.7,26.35917679,28.95325107,0.15
49.72,26.36059153,28.97320097,0.14
49.74,26.36200627,28.99315087,0.13
49.76,26.36342102,29.01310077,0.12
49.78,26.36483576,29.03305067,0.11
49.8,26.36625051,29.05300057,0.1
49.82,26.36766525,29.07295047,0.09
49.84,26.36907999,29.09290037,0.08
49.86,26.37049474,29.11285027,0.07
49.88,26.37190948,29.13280017,0.06
49.9,26.37332423,29.15275007,0.05
49.92,26.37473897,29.17269997,0.04
49.94,26.37615371,29.19264987,0.03
49.96,26.37756846,29.21259977,0.02
49.98,26.3789832,29.23254967,0.01
50,26.38039795,29.25249957,0
50.02,26.38181269,29.27244947,0
50.04,26.38322743,29.29239937,0
50.06,26.38464218,29.31234927,0
50.08,26.38605692,29.33229917,0
50.1,26.38747167,29.35224907,0
50.12,26.38888641,29.37219897,0
50.14,26.39030115,29.39214887,0
50.16,26.3917159,29.41209877,0
50.18,26.39313064,29.43204867,0
50.2,26.39454539,29.45199857,0
50.22,26.39596013,29.47194846,0
50.24,26.39737487,29.49189836,0
50.26,26.39878962,29.51184826,0
50.28,26.40020436,29.53179816,0
50.3,26.40161911,29.55174806,0
50.32,26.40303385,29.57169796,0
50.34,26.40444859,29.59164786,0
50.36,26.40586334,29.61159776,0
50.38,26.40727808,29.63154766,0
50.4,26.40869283,29.65149756,0
50.42,26.41010757,29.67144746,0
50.44,26.41152232,29.69139736,0
50.46,26.41293706,29.71134726,0
50.48,26.4143518,29.73129716,0
50.5,26.41576655,29.75124706,0
50.52,26.41718129,29.77119696,0
50.54,26.41859604,29.79114686,0
50.56,26.42001078,29.81109676,0
50.58,26.42142552,29.83104666,0
50.6,26.42284027,29.85099656,0
50.62,26.42425501,29.87094646,0
50.64,26.42566976,29.89089636,0
50.66,26.4270845,29.91084626,0
50.68,26.42849924,29.93079616,0
50.7,26.42991399,29.95074606,0
50.72,26.43132873,29.97069596,0
50.74,26.43274348,29.99064586,0
50.76,26.43415822,30.01059576,0
50.78,26.43557296,30.03054566,0
50.8,26.43698771,30.05049556,0
50.82,26.43840245,30.07044546,0
50.84,26.4398172,30.09039536,0
50.86,26.44123194,30.11034526,0
50.88,26.44264668,30.13029516,0
50.9,26.44406143,30.15024506,0
50.92,26.44547617,30.17019496,0
50.94,26.44689092,30.19014486,0
50.96,26.44830566,30.21009475,0
50.98,26.4497204,30.23004465,0
51,26.45113515,30.24999455,0
51.02,26.45254989,30.26994445,0
51.04,26.45396464,30.28989435,0
51.06,26.45537938,30.30984425,0
51.08,26.45679412,30.32979415,0
51.1,26.45820887,30.34974405,0
51.12,26.45962361,30.36969395,0
51.14,26.46103836,30.38964385,0
51.16,26.4624531,30.40959375,0
51.18,26.46386784,30.42954365,0
51.2,26.46528259,30.44949355,0
51.22,26.46669733,30.46944345,0
51.24,26.46811208,30.48939335,0
51.26,26.46952682,30.50934325,0
51.28,26.47094156,30.52929315,0
51.3,26.47235631,30.54924305,0
51.32,26.47377105,30.56919295,0
51.34,26.4751858,30.58914285,0
51.36,26.47660054,30.60909275,0
51.38,26.47801528,30.62904265,0
51.4,26.47943003,30.64899255,0
51.42,26.48084477,30.66894245,0
51.44,26.48225952,30.68889235,0
51.46,26.48367426,30.70884225,0
51.48,26.485089,30.72879215,0
51.5,26.48650375,30.74874205,0
51.52,26.48791849,30.76869195,0
51.54,26.48933324,30.78864185,0
51.56,26.49074798,30.80859175,0
51.58,26.49216273,30.82854165,0
51.6,26.49357747,30.84849155,0
51.62,26.49499221,30.86844145,0
51.64,26.49640696,30.88839135,0
51.66,26.4978217,30.90834125,0
51.68,26.49923645,30.92829115,0
51.7,26.50065119,30.94824104,0
51.72,26.50206593,30.96819094,0
51.74,26.50348068,30.98814084,0
51.76,26.50489542,31.00809074,0
51.78,26.50631017,31.02804064,0
51.8,26.50772491,31.04799054,0
51.82,26.50913965,31.06794044,0
51.84,26.5105544,31.08789034,0
51.86,26.51196914,31.10784024,0
51.88,26.51338389,31.12779014,0
51.9,26.51479863,31.14774004,0
51.92,26.51621337,31.16768994,0
51.94,26.51762812,31.18763984,0
51.96,26.51904286,31.20758974,0
51.98,26.52045761,31.22753964,0
52,26.52187235,31.24748954,0
52.02,26.52328709,31.26743944,0
52.04,26.52470184,31.28738934,0
52.06,26.52611658,31.30733924,0
52.08,26.52753133,31.32728914,0
52.1,26.52894607,31.34723904,0
52.12,26.53036081,31.36718894,0
52.14,26.53177556,31.38713884,0
52.16,26.5331903,31.40708874,0
52.18,26.53460505,31.42703864,0
52.2,26.53601979,31.44698854,0
52.22,26.53743453,31.46693844,0
52.24,26.53884928,31.48688834,0
52.26,26.54026402,31.50683824,0
52.28,26.54167877,31.52678814,0
52.3,26.54309351,31.54673804,0
52.32,26.54450825,31.56668794,0
52.34,26.545923,31.58663784,0
52.36,26.54733774,31.60658774,0
52.38,26.54875249,31.62653764,0
52.4,26.55016723,31.64648754,0
52.42,26.55158197,31.66643744,0
52.44,26.55299672,31.68638734,0
52.46,26.55441146,31.70633723,0
52.48,26.55582621,31.72628713,0
52.5,26.55724095,31.74623703,0
52.52,26.55865569,31.76618693,0
52.54,26.56007044,31.78613683,0
52.56,26.56148518,31.80608673,0
52.58,26.56289993,31.82603663,0
52.6,26.56431467,31.84598653,0
52.62,26.56572941,31.86593643,0
52.64,26.56714416,31.88588633,0
52.66,26.5685589,31.90583623,0
52.68,26.56997365,31.92578613,0
52.7,26.57138839,31.94573603,0
52.72,26.57280313,31.96568593,0
52.74,26.57421788,31.98563583,0
52.76,26.57563262,32.00558573,0
52.78,26.57704737,32.02553563,0
52.8,26.57846211,32.04548553,0
52.82,26.57987686,32.06543543,0
52.84,26.5812916,32.08538533,0
52.86,26.58270634,32.10533523,0
52.88,26.58412109,32.12528513,0
52.9,26.58553583,32.14523503,0
52.92,26.58695058,32.16518493,0
52.94,26.58836532,32.18513483,0
52.96,26.58978006,32.20508473,0
52.98,26.59119481,32.22503463,0
53,26.59260955,32.24498453,0
53.02,26.5940243,32.26493443,0
53.04,26.59543904,32.28488433,0
53.06,26.59685378,32.30483423,0
53.08,26.59826853,32.32478413,0
53.1,26.59968327,32.34473403,0
53.12,26.60109802,32.36468393,0
53.14,26.60251276,32.38463383,0
53.16,26.6039275,32.40458373,0
53.18,26.60534225,32.42453363,0
53.2,26.60675699,32.44448352,0
53.22,26.60817174,32.46443342,0
53.24,26.60958648,32.48438332,0
53.26,26.61100122,32.50433322,0
53.28,26.61241597,32.52428312,0
53.3,26.61383071,32.54423302,0
53.32,26.61524546,32.56418292,0
53.34,26.6166602,32.58413282,0
53.36,26.61807494,32.60408272,0
53.38,26.61948969,32.62403262,0
53.4,26.62090443,32.64398252,0
53.42,26.62231918,32.66393242,0
53.44,26.62373392,32.68388232,0
53.46,26.62514866,32.70383222,0
53.48,26.62656341,32.72378212,0
53.5,26.62797815,32.74373202,0
53.52,26.6293929,32.76368192,0
53.54,26.63080764,32.78363182,0
53.56,26.63222238,32.80358172,0
53.58,26.63363713,32.82353162,0
53.6,26.63505187,32.84348152,0
53.62,26.63646662,32.86343142,0
53.64,26.63788136,32.88338132,0
53.66,26.6392961,32.90333122,0
53.68,26.64071085,32.92328112,0
53.7,26.64212559,32.94323102,0
53.72,26.64354034,32.96318092,0
53.74,26.64495508,32.98313082,0
53.76,26.64636982,33.00308072,0
53.78,26.64778457,33.02303062,0
53.8,26.64919931,33.04298052,0
53.82,26.65061406,33.06293042,0
53.84,26.6520288,33.08288032,0
53.86,26.65344354,33.10283022,0
53.88,26.65485829,33.12278012,0
53.9,26.65627303,33.14273002,0
53.92,26.65768778,33.16267992,0
53.94,26.65910252,33.18262981,0
53.96,26.66051727,33.20257971,0
53.98,26.66193201,33.22252961,0
54,26.66334675,33.24247951,0
54.02,26.6647615,33.26242941,0
54.04,26.66617624,33.28237931,0
54.06,26.66759099,33.30232921,0
54.08,26.66900573,33.32227911,0
54.1,26.67042047,33.34222901,0
54.12,26.67183522,33.36217891,0
54.14,26.67324996,33.38212881,0
54.16,26.67466471,33.40207871,0
54.18,26.67607945,33.42202861,0
54.2,26.67749419,33.44197851,0
54.22,26.67890894,33.46192841,0
54.24,26.68032368,33.48187831,0
54.26,26.68173843,33.50182821,0
54.28,26.68315317,33.52177811,0
54.3,26.68456791,33.54172801,0
54.32,26.68598266,33.56167791,0
54.34,26.6873974,33.58162781,0
54.36,26.68881215,33.60157771,0
54.38,26.69022689,33.62152761,0
54.4,26.69164163,33.64147751,0
54.42,26.69305638,33.66142741,0
54.44,26.69447112,33.68137731,0
54.46,26.69588587,33.70132721,0
54.48,26.69730061,33.72127711,0
54.5,26.69871535,33.74122701,0
54.52,26.7001301,33.76117691,0
54.54,26.70154484,33.78112681,0
54.56,26.70295959,33.80107671,0
54.58,26.70437433,33.82102661,0
54.6,26.70578907,33.84097651,0
54.62,26.70720382,33.86092641,0
54.64,26.70861856,33.88087631,0
54.66,26.71003331,33.90082621,0
54.68,26.71144805,33.92077611,0
54.7,26.71286279,33.940726,0
54.72,26.71427754,33.9606759,0
54.74,26.71569228,33.9806258,0
54.76,26.71710703,34.0005757,0
54.78,26.71852177,34.0205256,0
54.8,26.71993651,34.0404755,0
54.82,26.72135126,34.0604254,0
54.84,26.722766,34.0803753,0
54.86,26.72418075,34.1003252,0
54.88,26.72559549,34.1202751,0
54.9,26.72701023,34.140225,0
54.92,26.72842498,34.1601749,0
54.94,26.72983972,34.1801248,0
54.96,26.73125447,34.2000747,0
54.98,26.73266921,34.2200246,0
55,26.73408395,34.2399745,0
55.02,26.7354987,34.2599244,0
55.04,26.73691344,34.2798743,0
55.06,26.73832819,34.2998242,0
55.08,26.73974293,34.3197741,0
55.1,26.74115767,34.339724,0
55.12,26.74257242,34.3596739,0
55.14,26.74398716,34.3796238,0
55.16,26.74540191,34.3995737,0
55.18,26.74681665,34.4195236,0
55.2,26.7482314,34.4394735,0
55.22,26.74964614,34.4594234,0
55.24,26.75106088,34.4793733,0
55.26,26.75247563,34.4993232,0
55.28,26.75389037,34.5192731,0
55.3,26.75530512,34.539223,0
55.32,26.75671986,34.5591729,0
55.34,26.7581346,34.5791228,0
55.36,26.75954935,34.5990727,0
55.38,26.76096409,34.6190226,0
55.4,26.76237884,34.6389725,0
55.42,26.76379358,34.6589224,0
55.44,26.76520832,34.67887229,0
55.46,26.76662307,34.69882219,0
55.48,26.76803781,34.71877209,0
55.5,26.76945256,34.73872199,0
55.52,26.7708673,34.75867189,0
55.54,26.77228204,34.77862179,0
55.56,26.77369679,34.79857169,0
55.58,26.77511153,34.81852159,0
55.6,26.77652628,34.83847149,0
55.62,26.77794102,34.85842139,0
55.64,26.77935576,34.87837129,0
55.66,26.78077051,34.89832119,0
55.68,26.78218525,34.91827109,0
55.7,26.7836,34.93822099,0
55.72,26.78501474,34.95817089,0
55.74,26.78642948,34.97812079,0
55.76,26.78784423,34.99807069,0
55.78,26.78925897,35.01802059,0
55.8,26.79067372,35.03797049,0
55.82,26.79208846,35.05792039,0
55.84,26.7935032,35.07787029,0
55.86,26.79491795,35.09782019,0
55.88,26.79633269,35.11777009,0
55.9,26.79774744,35.13771999,0
55.92,26.79916218,35.15766989,0
55.94,26.80057692,35.17761979,0
55.96,26.80199167,35.19756969,0
55.98,26.80340641,35.21751959,0
56,26.80482116,35.23746949,0
56.02,26.8062359,35.25741939,0
56.04,26.80765064,35.27736929,0
56.06,26.80906539,35.29731919,0
56.08,26.81048013,35.31726909,0
56.1,26.81189488,35.33721899,0
56.12,26.81330962,35.35716889,0
56.14,26.81472436,35.37711879,0
56.16,26.81613911,35.39706869,0
56.18,26.81755385,35.41701858,0
56.2,26.8189686,35.43696848,0
56.22,26.82038334,35.45691838,0
56.24,26.82179808,35.47686828,0
56.26,26.82321283,35.49681818,0
56.28,26.82462757,35.51676808,0
56.3,26.82604232,35.53671798,0
56.32,26.82745706,35.55666788,0
56.34,26.82887181,35.57661778,0
56.36,26.83028655,35.59656768,0
56.38,26.83170129,35.61651758,0
56.4,26.83311604,35.63646748,0
56.42,26.83453078,35.65641738,0
56.44,26.83594553,35.67636728,0
56.46,26.83736027,35.69631718,0
56.48,26.83877501,35.71626708,0
56.5,26.84018976,35.73621698,0
56.52,26.8416045,35.75616688,0
56.54,26.84301925,35.77611678,0
56.56,26.84443399,35.79606668,0
56.58,26.84584873,35.81601658,0
56.6,26.84726348,35.83596648,0
56.62,26.84867822,35.85591638,0
56.64,26.85009297,35.87586628,0
56.66,26.85150771,35.89581618,0
56.68,26.85292245,35.91576608,0
56.7,26.8543372,35.93571598,0
56.72,26.85575194,35.95566588,0
56.74,26.85716669,35.97561578,0
56.76,26.85858143,35.99556568,0
56.78,26.85999617,36.01551558,0
56.8,26.86141092,36.03546548,0
56.82,26.86282566,36.05541538,0
56.84,26.86424041,36.07536528,0
56.86,26.86565515,36.09531518,0
56.88,26.86706989,36.11526508,0
56.9,26.86848464,36.13521498,0
56.92,26.86989938,36.15516488,0
56.94,26.87131413,36.17511477,0
56.96,26.87272887,36.19506467,0
56.98,26.87414361,36.21501457,0
57,26.87555836,36.23496447,0
57.02,26.8769731,36.25491437,0
57.04,26.87838785,36.27486427,0
57.06,26.87980259,36.29481417,0
57.08,26.88121733,36.31476407,0
57.1,26.88263208,36.33471397,0
57.12,26.88404682,36.35466387,0
57.14,26.88546157,36.37461377,0
57.16,26.88687631,36.39456367,0
57.18,26.88829105,36.41451357,0
57.2,26.8897058,36.43446347,0
57.22,26.89112054,36.45441337,0
57.24,26.89253529,36.47436327,0
57.26,26.89395003,36.49431317,0
57.28,26.89536477,36.51426307,0
57.3,26.89677952,36.53421297,0
57.32,26.89819426,36.55416287,0
57.34,26.89960901,36.57411277,0
57.36,26.90102375,36.59406267,0
57.38,26.90243849,36.61401257,0
57.4,26.90385324,36.63396247,0
57.42,26.90526798,36.65391237,0
57.44,26.90668273,36.67386227,0
57.46,26.90809747,36.69381217,0
57.48,26.90951221,36.71376207,0
57.5,26.91092696,36.73371197,0
57.52,26.9123417,36.75366187,0
57.54,26.91375645,36.77361177,0
57.56,26.91517119,36.79356167,0
57.58,26.91658594,36.81351157,0
57.6,26.91800068,36.83346147,0
57.62,26.91941542,36.85341137,0
57.64,26.92083017,36.87336127,0
57.66,26.92224491,36.89331117,0
57.68,26.92365966,36.91326106,0
57.7,26.9250744,36.93321096,0
57.72,26.92648914,36.95316086,0
57.74,26.92790389,36.97311076,0
57.76,26.92931863,36.99306066,0
57.78,26.93073338,37.01301056,0
57.8,26.93214812,37.03296046,0
57.82,26.93356286,37.05291036,0
57.84,26.93497761,37.07286026,0
57.86,26.93639235,37.09281016,0
57.88,26.9378071,37.11276006,0
57.9,26.93922184,37.13270996,0
57.92,26.94063658,37.15265986,0
57.94,26.94205133,37.17260976,0
57.96,26.94346607,37.19255966,0
57.98,26.94488082,37.21250956,0
58,26.94629556,37.23245946,0
58.02,26.9477103,37.25240936,0
58.04,26.94912505,37.27235926,0
58.06,26.95053979,37.29230916,0
58.08,26.95195454,37.31225906,0
58.1,26.95336928,37.33220896,0
58.12,26.95478402,37.35215886,0
58.14,26.95619877,37.37210876,0
58.16,26.95761351,37.39205866,0
58.18,26.95902826,37.41200856,0
58.2,26.960443,37.43195846,0
58.22,26.96185774,37.45190836,0
58.24,26.96327249,37.47185826,0
58.26,26.96468723,37.49180816,0
58.28,26.96610198,37.51175806,0
58.3,26.96751672,37.53170796,0
58.32,26.96893146,37.55165786,0
58.34,26.97034621,37.57160776,0
58.36,26.97176095,37.59155766,0
58.38,26.9731757,37.61150756,0
58.4,26.97459044,37.63145746,0
58.42,26.97600518,37.65140735,0
58.44,26.97741993,37.67135725,0
58.46,26.97883467,37.69130715,0
58.48,26.98024942,37.71125705,0
58.5,26.98166416,37.73120695,0
58.52,26.9830789,37.75115685,0
58.54,26.98449365,37.77110675,0
58.56,26.98590839,37.79105665,0
58.58,26.98732314,37.81100655,0
58.6,26.98873788,37.83095645,0
58.62,26.99015262,37.85090635,0
58.64,26.99156737,37.87085625,0
58.66,26.99298211,37.89080615,0
58.68,26.99439686,37.91075605,0
58.7,26.9958116,37.93070595,0
58.72,26.99722634,37.95065585,0
58.74,26.99864109,37.97060575,0
58.76,27.00005583,37.99055565,0
58.78,27.00147058,38.01050555,0
58.8,27.00288532,38.03045545,0
58.82,27.00430007,38.05040535,0
58.84,27.00571481,38.07035525,0
58.86,27.00712955,38.09030515,0
58.88,27.0085443,38.11025505,0
58.9,27.00995904,38.13020495,0
58.92,27.01137379,38.15015485,0
58.94,27.01278853,38.17010475,0
58.96,27.01420327,38.19005465,0
58.98,27.01561802,38.21000455,0
59,27.01703276,38.22995445,0
59.02,27.01844751,38.24990435,0
59.04,27.01986225,38.26985425,0
59.06,27.02127699,38.28980415,0
59.08,27.02269174,38.30975405,0
59.1,27.02410648,38.32970395,0
59.12,27.02552123,38.34965385,0
59.14,27.02693597,38.36960375,0
59.16,27.02835071,38.38955365,0
59.18,27.02976546,38.40950354,0
59.2,27.0311802,38.42945344,0
59.22,27.03259495,38.44940334,0
59.24,27.03400969,38.46935324,0
59.26,27.03542443,38.48930314,0
59.28,27.03683918,38.50925304,0
59.3,27.03825392,38.52920294,0
59.32,27.03966867,38.54915284,0
59.34,27.04108341,38.56910274,0
59.36,27.04249815,38.58905264,0
59.38,27.0439129,38.60900254,0
59.4,27.04532764,38.62895244,0
59.42,27.04674239,38.64890234,0
59.44,27.04815713,38.66885224,0
59.46,27.04957187,38.68880214,0
59.48,27.05098662,38.70875204,0
59.5,27.05240136,38.72870194,0
59.52,27.05381611,38.74865184,0
59.54,27.05523085,38.76860174,0
59.56,27.05664559,38.78855164,0
59.58,27.05806034,38.80850154,0
59.6,27.05947508,38.82845144,0
59.62,27.06088983,38.84840134,0
59.64,27.06230457,38.86835124,0
59.66,27.06371931,38.88830114,0
59.68,27.06513406,38.90825104,0
59.7,27.0665488,38.92820094,0
59.72,27.06796355,38.94815084,0
59.74,27.06937829,38.96810074,0
59.76,27.07079303,38.98805064,0
59.78,27.07220778,39.00800054,0
59.8,27.07362252,39.02795044,0
59.82,27.07503727,39.04790034,0
59.84,27.07645201,39.06785024,0
59.86,27.07786675,39.08780014,0
59.88,27.0792815,39.10775004,0
59.9,27.08069624,39.12769994,0
59.92,27.08211099,39.14764983,0
59.94,27.08352573,39.16759973,0
59.96,27.08494048,39.18754963,0
59.98,27.08635522,39.20749953,0